{
  "__type__": "cc.Skeleton",
  "_name": "Skin-9",
  "_objFlags": 0,
  "_native": "",
  "_joints": [
    "RootNode/Male_Hips/Male_RightUpLeg/Male_RightLeg",
    "RootNode/Male_Hips/Male_RightUpLeg/Male_RightLeg/Male_RightFoot",
    "RootNode/Male_Hips/Male_RightUpLeg/Male_RightLeg/Male_RightFoot/Male_RightToeBase",
    "RootNode/Male_Hips/Male_LeftUpLeg/Male_LeftLeg",
    "RootNode/Male_Hips/Male_LeftUpLeg/Male_LeftLeg/Male_LeftFoot",
    "RootNode/Male_Hips/Male_LeftUpLeg/Male_LeftLeg/Male_LeftFoot/Male_LeftToeBase"
  ],
  "_bindposes": [
    {
      "__type__": "cc.Mat4",
      "m00": -2.0781749299203511e-7,
      "m01": -4.817258627554111e-7,
      "m02": -1,
      "m03": 0,
      "m04": 0.15443497896194458,
      "m05": -0.9880028367042542,
      "m06": 4.438523149019602e-7,
      "m07": 0,
      "m08": -0.9880028367042542,
      "m09": -0.15443497896194458,
      "m10": 2.797196714254824e-7,
      "m11": 0,
      "m12": 0.002992024878039956,
      "m13": 0.0010002799099311233,
      "m14": -0.0008799364441074431,
      "m15": 1
    },
    {
      "__type__": "cc.Mat4",
      "m00": -4.826503641197633e-7,
      "m01": 6.278653330582529e-8,
      "m02": -1,
      "m03": 0,
      "m04": -0.9037380218505859,
      "m05": -0.4280857741832733,
      "m06": 4.0931152511802793e-7,
      "m07": 0,
      "m08": -0.4280857741832733,
      "m09": 0.9037380218505859,
      "m10": 2.6335837333135714e-7,
      "m11": 0,
      "m12": 0.0010119532234966755,
      "m13": 0.00010519813804421574,
      "m14": -0.0008799364441074431,
      "m15": 1
    },
    {
      "__type__": "cc.Mat4",
      "m00": 1.823095985287182e-8,
      "m01": 0.0000012099940249754582,
      "m02": -1,
      "m03": 0,
      "m04": -0.9998536705970764,
      "m05": -0.017102448269724846,
      "m06": -3.892215616474459e-8,
      "m07": 0,
      "m08": -0.017102448269724846,
      "m09": 0.9998536705970764,
      "m10": 0.000001209505285260093,
      "m11": 0,
      "m12": -0.0006119689787738025,
      "m13": 0.0003926368954125792,
      "m14": -0.0008799362694844604,
      "m15": 1
    },
    {
      "__type__": "cc.Mat4",
      "m00": 1.6007957981400978e-7,
      "m01": -3.714049228165095e-7,
      "m02": 1,
      "m03": 0,
      "m04": 0.15443503856658936,
      "m05": 0.9880029559135437,
      "m06": 3.422272527586756e-7,
      "m07": 0,
      "m08": -0.9880029559135437,
      "m09": 0.15443503856658936,
      "m10": 2.1551700513100513e-7,
      "m11": 0,
      "m12": 0.0029920267406851053,
      "m13": -0.0010002803755924106,
      "m14": -0.000880067644175142,
      "m15": 1
    },
    {
      "__type__": "cc.Mat4",
      "m00": 2.836983128418069e-7,
      "m01": 4.826830135584714e-8,
      "m02": 1,
      "m03": 0,
      "m04": -0.9037380218505859,
      "m05": 0.4280857741832733,
      "m06": 2.3572599161525432e-7,
      "m07": 0,
      "m08": -0.4280857741832733,
      "m09": -0.9037380218505859,
      "m10": 1.6506913880220964e-7,
      "m11": 0,
      "m12": 0.0010119536891579628,
      "m13": -0.00010519767238292843,
      "m14": -0.000880067702382803,
      "m15": 1
    },
    {
      "__type__": "cc.Mat4",
      "m00": -1.6289688176129857e-7,
      "m01": 0.000001114688075176673,
      "m02": 1,
      "m03": 0,
      "m04": -0.999853789806366,
      "m05": 0.01710224151611328,
      "m06": -1.8193669859556394e-7,
      "m07": 0,
      "m08": -0.01710224151611328,
      "m09": -0.999853789806366,
      "m10": 0.0000011117390386061743,
      "m11": 0,
      "m12": -0.0006119688041508198,
      "m13": -0.0003926364006474614,
      "m14": -0.0008800679352134466,
      "m15": 1
    }
  ],
  "_hash": 3058467670
}