{
  "__type__": "cc.Skeleton",
  "_name": "Skin-8",
  "_objFlags": 0,
  "_native": "",
  "_joints": [
    "RootNode/Male_Hips/Male_Spine/Male_Spine1/Male_Spine2/Male_Neck/Male_Head/Male_EyebrowLeft",
    "RootNode/Male_Hips",
    "RootNode/Male_Hips/Male_Spine/Male_Spine1/Male_Spine2/Male_Neck/Male_Head",
    "RootNode/Male_Hips/Male_Spine/Male_Spine1/Male_Spine2/Male_Neck/Male_Head/Male_EyebrowRight",
    "RootNode/Male_Hips/Male_Spine/Male_Spine1/Male_Spine2/Male_Neck/Male_Head/Male_EyelidRight",
    "RootNode/Male_Hips/Male_Spine/Male_Spine1/Male_Spine2/Male_Neck/Male_Head/Male_EyelidLeft"
  ],
  "_bindposes": [
    {
      "__type__": "cc.Mat4",
      "m00": 0.2588192820549011,
      "m01": 3.4453029229553067e-7,
      "m02": 0.9659258723258972,
      "m03": 0,
      "m04": 1.3550736376675706e-7,
      "m05": -0.9999997615814207,
      "m06": 3.20375022453674e-7,
      "m07": 0,
      "m08": 0.9659255146980283,
      "m09": 4.797082930885204e-8,
      "m10": -0.25881937146186823,
      "m11": 0,
      "m12": -0.0008249319710783534,
      "m13": 0.015238878837873233,
      "m14": -0.00045773087723502767,
      "m15": 1
    },
    {
      "__type__": "cc.Mat4",
      "m00": 6.123234262925839e-17,
      "m01": -1,
      "m02": 4.371213435661048e-8,
      "m03": 0,
      "m04": 0.9999999999999998,
      "m05": 6.123235233530198e-17,
      "m06": 2.832769409368447e-16,
      "m07": 0,
      "m08": -2.832769475542896e-16,
      "m09": 4.371213435661047e-8,
      "m10": 0.9999999999999998,
      "m11": 0,
      "m12": -0.0068367775529622685,
      "m13": -0.0000011620371134339624,
      "m14": 0.0006249069652384928,
      "m15": 1
    },
    {
      "__type__": "cc.Mat4",
      "m00": -3.015629204128345e-7,
      "m01": -1,
      "m02": -0.0000032600357826595427,
      "m03": 0,
      "m04": 0.9931161999702451,
      "m05": 8.236639104097702e-8,
      "m06": -0.1171316578984258,
      "m07": 0,
      "m08": 0.1171316578984258,
      "m09": -0.0000032729183203628045,
      "m10": 0.9931161999702451,
      "m11": 0,
      "m12": -0.013979995295789971,
      "m13": -0.000001166907116941033,
      "m14": 0.0023555415401382146,
      "m15": 1
    },
    {
      "__type__": "cc.Mat4",
      "m00": -0.25881943106651306,
      "m01": -9.174402038070184e-8,
      "m02": -0.9659256339073181,
      "m03": 0,
      "m04": 1.5646209327389587e-7,
      "m05": 0.9999998211860655,
      "m06": -1.3690440431509007e-7,
      "m07": 0,
      "m08": 0.965925335884094,
      "m09": -1.8656432154706682e-7,
      "m10": -0.2588194906711578,
      "m11": 0,
      "m12": -0.0008261127533142922,
      "m13": -0.015238882241090483,
      "m14": -0.0004621259420930851,
      "m15": 1
    },
    {
      "__type__": "cc.Mat4",
      "m00": -2.1895370139191073e-7,
      "m01": -3.1981645065570774e-7,
      "m02": -1,
      "m03": 0,
      "m04": 0.31418964266777055,
      "m05": 0.9493599534034726,
      "m06": -3.7241409245325475e-7,
      "m07": 0,
      "m08": 0.9493599534034726,
      "m09": -0.31418964266777055,
      "m10": -1.0738291678080703e-7,
      "m11": 0,
      "m12": -0.004927458499025428,
      "m13": -0.014059862177273164,
      "m14": -0.0005377499976549505,
      "m15": 1
    },
    {
      "__type__": "cc.Mat4",
      "m00": -2.1895370139191073e-7,
      "m01": -3.1981645065570774e-7,
      "m02": -1,
      "m03": 0,
      "m04": 0.31418964266777055,
      "m05": 0.9493599534034726,
      "m06": -3.7241409245325475e-7,
      "m07": 0,
      "m08": 0.9493599534034726,
      "m09": -0.31418964266777055,
      "m10": -1.0738291678080703e-7,
      "m11": 0,
      "m12": -0.004927458848271393,
      "m13": -0.014059860431043337,
      "m14": 0.0005305994643475653,
      "m15": 1
    }
  ],
  "_hash": 0
}