{
  "__type__": "cc.Skeleton",
  "_name": "Skin-2",
  "_objFlags": 0,
  "_native": "",
  "_joints": [
    "RootNode/Male_Hips/Male_Spine/Male_Spine1/Male_Spine2/Male_Neck/Male_Head"
  ],
  "_bindposes": [
    {
      "__type__": "cc.Mat4",
      "m00": -3.015629204128345e-7,
      "m01": -1,
      "m02": -0.0000032600357826595427,
      "m03": 0,
      "m04": -0.11713165789842606,
      "m05": 0.0000032729183203628054,
      "m06": -0.9931161999702454,
      "m07": 0,
      "m08": 0.9931161999702454,
      "m09": 8.236639104097776e-8,
      "m10": -0.11713165789842606,
      "m11": 0,
      "m12": 0.002182010794058442,
      "m13": -6.937484045010933e-7,
      "m14": -0.00016033505380619317,
      "m15": 1
    }
  ],
  "_hash": 2723847672
}