{
  "__type__": "cc.Skeleton",
  "_name": "Skin-10",
  "_objFlags": 0,
  "_native": "",
  "_joints": [
    "RootNode/Male_Hips/Male_Spine/Male_Spine1/Male_Spine2/Male_Neck",
    "RootNode/Male_Hips/Male_Spine/Male_Spine1/Male_Spine2/Male_Neck/Male_Head",
    "RootNode/Male_Hips/Male_Spine/Male_Spine1/Male_Spine2/Male_Neck/Male_Head/Male_Jaw",
    "RootNode/Male_Hips/Male_Spine/Male_Spine1/Male_Spine2/Male_Neck/Male_Head/Male_EyebrowLeft",
    "RootNode/Male_Hips/Male_Spine/Male_Spine1/Male_Spine2/Male_Neck/Male_Head/Male_EyebrowRight",
    "RootNode/Male_Hips/Male_Spine/Male_Spine1/Male_Spine2/Male_Neck/Male_Head/Male_CheekLeft",
    "RootNode/Male_Hips/Male_Spine/Male_Spine1/Male_Spine2/Male_Neck/Male_Head/Male_CheekRight",
    "RootNode/Male_Hips/Male_Spine/Male_Spine1/Male_Spine2/Male_Neck/Male_Head/Male_MouthLeft",
    "RootNode/Male_Hips/Male_Spine/Male_Spine1/Male_Spine2/Male_Neck/Male_Head/Male_MouthRight",
    "RootNode/Male_Hips/Male_Spine/Male_Spine1/Male_Spine2/Male_Neck/Male_Head/Male_EyelidLeft",
    "RootNode/Male_Hips/Male_Spine/Male_Spine1/Male_Spine2/Male_Neck/Male_Head/Male_EyelidRight",
    "RootNode/Male_Hips/Male_Spine/Male_Spine1/Male_Spine2"
  ],
  "_bindposes": [
    {
      "__type__": "cc.Mat4",
      "m00": -3.749141512798815e-7,
      "m01": -1,
      "m02": -0.0000018093427343046642,
      "m03": 0,
      "m04": -0.17359378933906555,
      "m05": 0.000001846955115070159,
      "m06": -0.9848172068595886,
      "m07": 0,
      "m08": 0.9848172068595886,
      "m09": -5.513128087386576e-8,
      "m10": -0.17359378933906555,
      "m11": 0,
      "m12": 0.0012547586811706424,
      "m13": -1.6235586031143612e-7,
      "m14": 0.00018841549172066152,
      "m15": 1
    },
    {
      "__type__": "cc.Mat4",
      "m00": -3.015629204128345e-7,
      "m01": -1,
      "m02": -0.0000032600357826595427,
      "m03": 0,
      "m04": -0.11713165789842606,
      "m05": 0.0000032729183203628054,
      "m06": -0.9931161999702454,
      "m07": 0,
      "m08": 0.9931161999702454,
      "m09": 8.236639104097776e-8,
      "m10": -0.11713165789842606,
      "m11": 0,
      "m12": 0.00019016269652638584,
      "m13": -1.626476802130128e-7,
      "m14": 0.0001995883067138493,
      "m15": 1
    },
    {
      "__type__": "cc.Mat4",
      "m00": -1.2643059221773e-7,
      "m01": -1.4157542693737923e-7,
      "m02": -1,
      "m03": 0,
      "m04": -0.8926844000816345,
      "m05": -0.4506813585758209,
      "m06": 1.7666818052930466e-7,
      "m07": 0,
      "m08": -0.4506813585758209,
      "m09": 0.8926844000816345,
      "m10": -6.940231855878665e-8,
      "m11": 0,
      "m12": -0.0001423730718670413,
      "m13": -0.00005267151209409349,
      "m14": 0.0000010014829285864835,
      "m15": 1
    },
    {
      "__type__": "cc.Mat4",
      "m00": 0.2588192820549011,
      "m01": 3.4453029229553067e-7,
      "m02": 0.9659258723258972,
      "m03": 0,
      "m04": -0.9659255146980286,
      "m05": -4.79708290868075e-8,
      "m06": 0.2588193714618683,
      "m07": 0,
      "m08": 1.3550736355227855e-7,
      "m09": -0.9999997615814209,
      "m10": 3.2037502251114347e-7,
      "m11": 0,
      "m12": -0.0012901261216029525,
      "m13": 0.000913732685148716,
      "m14": -0.0003341140109114349,
      "m15": 1
    },
    {
      "__type__": "cc.Mat4",
      "m00": -0.25881943106651306,
      "m01": -9.174402038070184e-8,
      "m02": -0.9659256339073181,
      "m03": 0,
      "m04": -0.9659253358840942,
      "m05": 1.8656432132502232e-7,
      "m06": 0.25881949067115784,
      "m07": 0,
      "m08": 1.5646209305941738e-7,
      "m09": 0.9999998211860657,
      "m10": -1.3690440425762063e-7,
      "m11": 0,
      "m12": -0.0012907880591228604,
      "m13": -0.0009137353044934571,
      "m14": -0.0003365808224771172,
      "m15": 1
    },
    {
      "__type__": "cc.Mat4",
      "m00": 0.2588192820549011,
      "m01": 3.4453029229553067e-7,
      "m02": 0.9659258723258972,
      "m03": 0,
      "m04": -0.9659255146980286,
      "m05": -4.79708290868075e-8,
      "m06": 0.2588193714618683,
      "m07": 0,
      "m08": 1.3550736355227855e-7,
      "m09": -0.9999997615814209,
      "m10": 3.2037502251114347e-7,
      "m11": 0,
      "m12": -0.001249880064278841,
      "m13": 0.00019920554768759757,
      "m14": -0.00031599681824445724,
      "m15": 1
    },
    {
      "__type__": "cc.Mat4",
      "m00": -0.25881943106651306,
      "m01": -9.174402038070184e-8,
      "m02": -0.9659256339073181,
      "m03": 0,
      "m04": -0.9659253358840942,
      "m05": 1.8656432132502232e-7,
      "m06": 0.25881949067115784,
      "m07": 0,
      "m08": 1.5646209305941738e-7,
      "m09": 0.9999998211860657,
      "m10": -1.3690440425762063e-7,
      "m11": 0,
      "m12": -0.0012505408376455307,
      "m13": -0.0001992069010157138,
      "m14": -0.00031846441561356187,
      "m15": 1
    },
    {
      "__type__": "cc.Mat4",
      "m00": 0.17364802956581116,
      "m01": 7.043857408461918e-8,
      "m02": 0.9848077297210693,
      "m03": 0,
      "m04": -0.9848074913024902,
      "m05": -7.835117799004365e-8,
      "m06": 0.17364807426929474,
      "m07": 0,
      "m08": 8.939236550986607e-8,
      "m09": -0.9999997615814209,
      "m10": 5.576293204967442e-8,
      "m11": 0,
      "m12": -0.0011605211766436696,
      "m13": -0.00022055870795156807,
      "m14": -0.00032352464040741324,
      "m15": 1
    },
    {
      "__type__": "cc.Mat4",
      "m00": -0.17364859580993652,
      "m01": -3.5443272849988716e-7,
      "m02": -0.9848074913024902,
      "m03": 0,
      "m04": -0.9848074316978455,
      "m05": 2.0360111818717996e-7,
      "m06": 0.1736486256122589,
      "m07": 0,
      "m08": 1.3896119810397067e-7,
      "m09": 0.9999995231628418,
      "m10": -3.844032505639916e-7,
      "m11": 0,
      "m12": -0.0011609653010964394,
      "m13": 0.00022055856243241578,
      "m14": -0.0003260399680584669,
      "m15": 1
    },
    {
      "__type__": "cc.Mat4",
      "m00": -2.1895370139191073e-7,
      "m01": -3.1981645065570774e-7,
      "m02": -1,
      "m03": 0,
      "m04": -0.9493599534034729,
      "m05": 0.3141896426677704,
      "m06": 1.0738291678080714e-7,
      "m07": 0,
      "m08": 0.3141896426677704,
      "m09": 0.9493599534034729,
      "m10": -3.7241409245325485e-7,
      "m11": 0,
      "m12": -0.0008836084161885083,
      "m13": -0.0003089055826421827,
      "m14": 0.0005315957241691649,
      "m15": 1
    },
    {
      "__type__": "cc.Mat4",
      "m00": -2.279292772300323e-7,
      "m01": -3.2009353390094475e-7,
      "m02": -1,
      "m03": 0,
      "m04": -0.9497490525245667,
      "m05": 0.31301149725914,
      "m06": 1.1628271323615991e-7,
      "m07": 0,
      "m08": 0.31301149725914,
      "m09": 0.9497490525245667,
      "m10": -3.7535320984716236e-7,
      "m11": 0,
      "m12": -0.0008832241292111576,
      "m13": -0.0003100034664385021,
      "m14": -0.0005367537378333509,
      "m15": 1
    },
    {
      "__type__": "cc.Mat4",
      "m00": -1.6909365285755484e-7,
      "m01": -1,
      "m02": -4.280877305973263e-7,
      "m03": 0,
      "m04": -0.03243987262248993,
      "m05": 4.333478500484489e-7,
      "m06": -0.9994736313819885,
      "m07": 0,
      "m08": 0.9994736313819885,
      "m09": -1.5511753304053855e-7,
      "m10": -0.03243987262248993,
      "m11": 0,
      "m12": 0.0042365374974906445,
      "m13": -1.6190541884952836e-7,
      "m14": 0.00036413571797311306,
      "m15": 1
    }
  ],
  "_hash": 1159589558
}