{
  "__type__": "cc.Skeleton",
  "_name": "Skin-9",
  "_objFlags": 0,
  "_native": "",
  "_joints": [
    "RootNode/Male_Hips/Male_RightUpLeg/Male_RightLeg",
    "RootNode/Male_Hips/Male_RightUpLeg/Male_RightLeg/Male_RightFoot",
    "RootNode/Male_Hips/Male_RightUpLeg/Male_RightLeg/Male_RightFoot/Male_RightToeBase",
    "RootNode/Male_Hips/Male_LeftUpLeg/Male_LeftLeg",
    "RootNode/Male_Hips/Male_LeftUpLeg/Male_LeftLeg/Male_LeftFoot",
    "RootNode/Male_Hips/Male_LeftUpLeg/Male_LeftLeg/Male_LeftFoot/Male_LeftToeBase"
  ],
  "_bindposes": [
    {
      "__type__": "cc.Mat4",
      "m00": -2.0781749299203511e-7,
      "m01": -4.817258627554111e-7,
      "m02": -1,
      "m03": 0,
      "m04": -0.9880028367042539,
      "m05": -0.15443497896194433,
      "m06": 2.797196714254822e-7,
      "m07": 0,
      "m08": -0.15443497896194433,
      "m09": 0.9880028367042539,
      "m10": -4.4385231490196015e-7,
      "m11": 0,
      "m12": 0.003702554774023617,
      "m13": 0.0010508852117552584,
      "m14": -0.0008801555677441013,
      "m15": 1
    },
    {
      "__type__": "cc.Mat4",
      "m00": -4.826503641197633e-7,
      "m01": 6.278653330582529e-8,
      "m02": -1,
      "m03": 0,
      "m04": -0.428085774183273,
      "m05": 0.9037380218505858,
      "m06": 2.63358373331357e-7,
      "m07": 0,
      "m08": 0.9037380218505858,
      "m09": 0.428085774183273,
      "m10": -4.093115251180279e-7,
      "m11": 0,
      "m12": 0.001261834939899575,
      "m13": -0.000561864673906453,
      "m14": -0.0008801555581937169,
      "m15": 1
    },
    {
      "__type__": "cc.Mat4",
      "m00": 1.823095985287182e-8,
      "m01": 0.0000012099940249754582,
      "m02": -1,
      "m03": 0,
      "m04": -0.01710244826972462,
      "m05": 0.9998536705970762,
      "m06": 0.0000012095052852600927,
      "m07": 0,
      "m08": 0.9998536705970762,
      "m09": 0.01710244826972462,
      "m10": 3.8922156164744314e-8,
      "m11": 0,
      "m12": -0.0006595530636757188,
      "m13": -0.0003181017548777252,
      "m14": -0.0008801560819397496,
      "m15": 1
    },
    {
      "__type__": "cc.Mat4",
      "m00": 1.6007957981400978e-7,
      "m01": -3.714049228165095e-7,
      "m02": 1,
      "m03": 0,
      "m04": -0.9880029559135435,
      "m05": 0.1544350385665891,
      "m06": 2.15517005131005e-7,
      "m07": 0,
      "m08": -0.1544350385665891,
      "m09": -0.9880029559135435,
      "m10": -3.422272527586756e-7,
      "m11": 0,
      "m12": 0.0037025567249269033,
      "m13": -0.0010508857127912964,
      "m14": -0.0008798488251133513,
      "m15": 1
    },
    {
      "__type__": "cc.Mat4",
      "m00": 2.836983128418069e-7,
      "m01": 4.826830135584714e-8,
      "m02": 1,
      "m03": 0,
      "m04": -0.428085774183273,
      "m05": -0.9037380218505858,
      "m06": 1.6506913880220956e-7,
      "m07": 0,
      "m08": 0.9037380218505858,
      "m09": -0.428085774183273,
      "m10": -2.357259916152543e-7,
      "m11": 0,
      "m12": 0.0012618354057286555,
      "m13": 0.000561865139592056,
      "m14": -0.0008798488538736467,
      "m15": 1
    },
    {
      "__type__": "cc.Mat4",
      "m00": -1.6289688176129857e-7,
      "m01": 0.000001114688075176673,
      "m02": 1,
      "m03": 0,
      "m04": -0.017102241516113056,
      "m05": -0.9998537898063657,
      "m06": 0.000001111739038606174,
      "m07": 0,
      "m08": 0.9998537898063657,
      "m09": -0.017102241516113056,
      "m10": 1.8193669859556365e-7,
      "m11": 0,
      "m12": -0.0006595530429711075,
      "m13": 0.0003181023224191761,
      "m14": -0.0008798497836184516,
      "m15": 1
    }
  ],
  "_hash": 0
}