{
  "__type__": "cc.Skeleton",
  "_name": "Skin-4",
  "_objFlags": 0,
  "_native": "",
  "_joints": [
    "RootNode/Male_Hips/Male_RightUpLeg",
    "RootNode/Male_Hips",
    "RootNode/Male_Hips/Male_Spine",
    "RootNode/Male_Hips/Male_RightUpLeg/Male_RightLeg",
    "RootNode/Male_Hips/Male_LeftUpLeg",
    "RootNode/Male_Hips/Male_RightUpLeg/Male_RightLeg/Male_RightFoot",
    "RootNode/Male_Hips/Male_LeftUpLeg/Male_LeftLeg",
    "RootNode/Male_Hips/Male_LeftUpLeg/Male_LeftLeg/Male_LeftFoot"
  ],
  "_bindposes": [
    {
      "__type__": "cc.Mat4",
      "m00": -3.1008875112092937e-7,
      "m01": -4.23193000642641e-7,
      "m02": -1,
      "m03": 0,
      "m04": -0.06996617466211319,
      "m05": -0.9975493550300598,
      "m06": 4.4385163278093387e-7,
      "m07": 0,
      "m08": -0.9975493550300598,
      "m09": 0.06996617466211319,
      "m10": 2.797196714254824e-7,
      "m11": 0,
      "m12": 0.0029069369193166494,
      "m13": -0.00018929140060208738,
      "m14": -0.0008799353963695467,
      "m15": 1
    },
    {
      "__type__": "cc.Mat4",
      "m00": 6.123234262925839e-17,
      "m01": -1,
      "m02": 4.371213435661048e-8,
      "m03": 0,
      "m04": 6.123234262925839e-17,
      "m05": -4.371213435661048e-8,
      "m06": -1,
      "m07": 0,
      "m08": 1,
      "m09": 6.123234262925839e-17,
      "m10": 6.123233601181349e-17,
      "m11": 0,
      "m12": -0.00255827815271914,
      "m13": -9.434045864509244e-7,
      "m14": -0.00006345097062876448,
      "m15": 1
    },
    {
      "__type__": "cc.Mat4",
      "m00": -1.5958130461513065e-7,
      "m01": -1,
      "m02": -4.2217712348247005e-7,
      "m03": 0,
      "m04": -0.06781471520662308,
      "m05": 4.3202720689805574e-7,
      "m06": -0.9976978898048401,
      "m07": 0,
      "m08": 0.9976978898048401,
      "m09": -1.3058411241217982e-7,
      "m10": -0.06781471520662308,
      "m11": 0,
      "m12": -0.0033650409895926714,
      "m13": -9.432338856640854e-7,
      "m14": 0.0006724463892169297,
      "m15": 1
    },
    {
      "__type__": "cc.Mat4",
      "m00": -2.0781749299203511e-7,
      "m01": -4.817258627554111e-7,
      "m02": -1,
      "m03": 0,
      "m04": 0.15443497896194458,
      "m05": -0.9880028367042542,
      "m06": 4.438523149019602e-7,
      "m07": 0,
      "m08": -0.9880028367042542,
      "m09": -0.15443497896194458,
      "m10": 2.797196714254824e-7,
      "m11": 0,
      "m12": -0.00041830772534012794,
      "m13": -0.000289964402327314,
      "m14": -0.0008799353963695467,
      "m15": 1
    },
    {
      "__type__": "cc.Mat4",
      "m00": 4.0341407725463796e-7,
      "m01": -0.0000010446973419675487,
      "m02": 1,
      "m03": 0,
      "m04": -0.06996617466211319,
      "m05": 0.9975493550300598,
      "m06": 0.0000010703624866437167,
      "m07": 0,
      "m08": -0.9975493550300598,
      "m09": -0.06996617466211319,
      "m10": 3.2933198212958814e-7,
      "m11": 0,
      "m12": 0.0029069380834698677,
      "m13": 0.00018929196812678128,
      "m14": -0.0008800664218142629,
      "m15": 1
    },
    {
      "__type__": "cc.Mat4",
      "m00": -4.826503641197633e-7,
      "m01": 6.278653330582529e-8,
      "m02": -1,
      "m03": 0,
      "m04": -0.9037380218505859,
      "m05": -0.4280857741832733,
      "m06": 4.0931152511802793e-7,
      "m07": 0,
      "m08": -0.4280857741832733,
      "m09": 0.9037380218505859,
      "m10": 2.6335837333135714e-7,
      "m11": 0,
      "m12": -0.0011918251402676105,
      "m13": 0.0030101011507213116,
      "m14": -0.0008799354545772076,
      "m15": 1
    },
    {
      "__type__": "cc.Mat4",
      "m00": 1.6007957981400978e-7,
      "m01": -3.714049228165095e-7,
      "m02": 1,
      "m03": 0,
      "m04": 0.15443503856658936,
      "m05": 0.9880029559135437,
      "m06": 3.422272527586756e-7,
      "m07": 0,
      "m08": -0.9880029559135437,
      "m09": 0.15443503856658936,
      "m10": 2.1551700513100513e-7,
      "m11": 0,
      "m12": -0.00041830659029074013,
      "m13": 0.00028996416949667037,
      "m14": -0.000880066305398941,
      "m15": 1
    },
    {
      "__type__": "cc.Mat4",
      "m00": 2.836983128418069e-7,
      "m01": 4.826830135584714e-8,
      "m02": 1,
      "m03": 0,
      "m04": -0.9037380218505859,
      "m05": 0.4280857741832733,
      "m06": 2.3572599161525432e-7,
      "m07": 0,
      "m08": -0.4280857741832733,
      "m09": -0.9037380218505859,
      "m10": 1.6506913880220964e-7,
      "m11": 0,
      "m12": -0.0011918245581910014,
      "m13": -0.003010100917890668,
      "m14": -0.0008800665964372456,
      "m15": 1
    }
  ],
  "_hash": 1563604291
}