{
  "__type__": "cc.Skeleton",
  "_name": "Skin-1",
  "_objFlags": 0,
  "_native": "",
  "_joints": [
    "RootNode/Male_Hips/Male_Spine/Male_Spine1/Male_Spine2/Male_Neck",
    "RootNode/Male_Hips",
    "RootNode/Male_Hips/Male_Spine/Male_Spine1/Male_Spine2/Male_Neck/Male_Head",
    "RootNode/Male_Hips/Male_Spine/Male_Spine1/Male_Spine2/Male_Neck/Male_Head/Male_Jaw",
    "RootNode/Male_Hips/Male_Spine/Male_Spine1/Male_Spine2/Male_Neck/Male_Head/Male_MouthLeft",
    "RootNode/Male_Hips/Male_Spine/Male_Spine1/Male_Spine2/Male_Neck/Male_Head/Male_EyebrowLeft",
    "RootNode/Male_Hips/Male_Spine/Male_Spine1/Male_Spine2/Male_Neck/Male_Head/Male_EyeLeft",
    "RootNode/Male_Hips/Male_Spine/Male_Spine1/Male_Spine2/Male_Neck/Male_Head/Male_EyelidLeft",
    "RootNode/Male_Hips/Male_Spine/Male_Spine1/Male_Spine2/Male_Neck/Male_Head/Male_CheekLeft",
    "RootNode/Male_Hips/Male_Spine/Male_Spine1/Male_Spine2",
    "RootNode/Male_Hips/Male_Spine/Male_Spine1/Male_Spine2/Male_Neck/Male_Head/Male_MouthRight",
    "RootNode/Male_Hips/Male_Spine/Male_Spine1/Male_Spine2/Male_Neck/Male_Head/Male_EyebrowRight",
    "RootNode/Male_Hips/Male_Spine/Male_Spine1/Male_Spine2/Male_Neck/Male_Head/Male_EyelidRight",
    "RootNode/Male_Hips/Male_Spine/Male_Spine1/Male_Spine2/Male_Neck/Male_Head/Male_EyeRight",
    "RootNode/Male_Hips/Male_Spine/Male_Spine1/Male_Spine2/Male_Neck/Male_Head/Male_CheekRight"
  ],
  "_bindposes": [
    {
      "__type__": "cc.Mat4",
      "m00": -3.749141512798814e-9,
      "m01": -0.009999999999999998,
      "m02": -1.809342734304664e-8,
      "m03": 0,
      "m04": 0.009848172068595883,
      "m05": -5.513128087386616e-10,
      "m06": -0.0017359378933906528,
      "m07": 0,
      "m08": 0.0017359378933906528,
      "m09": -1.8469551150701586e-8,
      "m10": 0.009848172068595883,
      "m11": 0,
      "m12": -0.012769337263721828,
      "m13": -0.0000011639504625752083,
      "m14": 0.003149202587685191,
      "m15": 1
    },
    {
      "__type__": "cc.Mat4",
      "m00": 6.123234262925838e-19,
      "m01": -0.009999999999999998,
      "m02": 4.371213435661047e-10,
      "m03": 0,
      "m04": 0.009999999999999997,
      "m05": 6.123235233530197e-19,
      "m06": 2.8327694093684465e-18,
      "m07": 0,
      "m08": -2.8327694755428952e-18,
      "m09": 4.371213435661046e-10,
      "m10": 0.009999999999999997,
      "m11": 0,
      "m12": -0.006836777497082926,
      "m13": -0.0000011620350832549446,
      "m14": 0.0006249070138643004,
      "m15": 1
    },
    {
      "__type__": "cc.Mat4",
      "m00": -3.0156292041283447e-9,
      "m01": -0.009999999999999998,
      "m02": -3.2600357826595424e-8,
      "m03": 0,
      "m04": 0.00993116199970245,
      "m05": 8.2366391040977e-10,
      "m06": -0.001171316578984258,
      "m07": 0,
      "m08": 0.001171316578984258,
      "m09": -3.272918320362804e-8,
      "m10": 0.00993116199970245,
      "m11": 0,
      "m12": -0.01397999496664175,
      "m13": -0.0000011668983411667607,
      "m14": 0.002355541562849283,
      "m15": 1
    },
    {
      "__type__": "cc.Mat4",
      "m00": -1.3129955789281665e-9,
      "m01": -1.415065327137199e-9,
      "m02": -0.009999999999999998,
      "m03": 0,
      "m04": -0.004502066671848294,
      "m05": 0.008929237723350523,
      "m06": -6.724269496771741e-10,
      "m07": 0,
      "m08": 0.008929237723350523,
      "m09": 0.004502066671848294,
      "m10": -1.8094786469191596e-9,
      "m11": 0,
      "m12": 0.006736674935462837,
      "m13": -0.012627160250541825,
      "m14": 8.643957700817283e-10,
      "m15": 1
    },
    {
      "__type__": "cc.Mat4",
      "m00": 0.0017364802956581114,
      "m01": 7.043857408461916e-10,
      "m02": 0.009848077297210692,
      "m03": 0,
      "m04": 8.939236572853723e-10,
      "m05": -0.009999997615814205,
      "m06": 5.576293201111678e-10,
      "m07": 0,
      "m08": 0.009848074913024899,
      "m09": 7.835117821208818e-10,
      "m10": -0.0017364807426929467,
      "m11": 0,
      "m12": -0.0006863230514239099,
      "m13": 0.014104586968373,
      "m14": -0.00040612263550798426,
      "m15": 1
    },
    {
      "__type__": "cc.Mat4",
      "m00": 0.0025881928205490107,
      "m01": 3.445302922955306e-9,
      "m02": 0.00965925872325897,
      "m03": 0,
      "m04": 1.3550736376675705e-9,
      "m05": -0.009999997615814205,
      "m06": 3.203750224536739e-9,
      "m07": 0,
      "m08": 0.009659255146980282,
      "m09": 4.797082930885203e-10,
      "m10": -0.002588193714618682,
      "m11": 0,
      "m12": -0.0008249318570953997,
      "m13": 0.015238878361530749,
      "m14": -0.00045773088186341475,
      "m15": 1
    },
    {
      "__type__": "cc.Mat4",
      "m00": -1.602895025598627e-9,
      "m01": 1.4349485581988117e-8,
      "m02": -0.009999999999999998,
      "m03": 0,
      "m04": -0.00033781189471483,
      "m05": 0.009994289875030515,
      "m06": 1.4395448033610586e-8,
      "m07": 0,
      "m08": 0.009994289875030515,
      "m09": 0.00033781189471483,
      "m10": -1.1172377156754037e-9,
      "m11": 0,
      "m12": 0.00024288472979396144,
      "m13": -0.014896326740663787,
      "m14": 0.0005305725096278694,
      "m15": 1
    },
    {
      "__type__": "cc.Mat4",
      "m00": -2.189537013919107e-9,
      "m01": -3.198164506557077e-9,
      "m02": -0.009999999999999998,
      "m03": 0,
      "m04": 0.003141896426677705,
      "m05": 0.009493599534034726,
      "m06": -3.7241409245325476e-9,
      "m07": 0,
      "m08": 0.009493599534034726,
      "m09": -0.003141896426677705,
      "m10": -1.0738291678080703e-9,
      "m11": 0,
      "m12": -0.004927458668034881,
      "m13": -0.014059859914112093,
      "m14": 0.0005305995167751851,
      "m15": 1
    },
    {
      "__type__": "cc.Mat4",
      "m00": 0.0025881928205490107,
      "m01": 3.445302922955306e-9,
      "m02": 0.00965925872325897,
      "m03": 0,
      "m04": 1.3550736376675705e-9,
      "m05": -0.009999997615814205,
      "m06": 3.203750224536739e-9,
      "m07": 0,
      "m08": 0.009659255146980282,
      "m09": 4.797082930885203e-10,
      "m10": -0.002588193714618682,
      "m11": 0,
      "m12": -0.0007846860326019319,
      "m13": 0.01452435122406963,
      "m14": -0.00043961371830026757,
      "m15": 1
    },
    {
      "__type__": "cc.Mat4",
      "m00": -1.6909365285755483e-9,
      "m01": -0.009999999999999998,
      "m02": -4.2808773059732625e-9,
      "m03": 0,
      "m04": 0.009994736313819882,
      "m05": -1.551175330405386e-9,
      "m06": -0.00032439872622489694,
      "m07": 0,
      "m08": 0.00032439872622489694,
      "m09": -4.333478500484487e-9,
      "m10": 0.009994736313819882,
      "m11": 0,
      "m12": -0.010065456729316268,
      "m13": -0.0000011613873102041459,
      "m14": 0.0013099265616678328,
      "m15": 1
    },
    {
      "__type__": "cc.Mat4",
      "m00": -0.0017364859580993649,
      "m01": -3.544327284998871e-9,
      "m02": -0.0098480749130249,
      "m03": 0,
      "m04": 1.389611983226418e-9,
      "m05": 0.009999995231628415,
      "m06": -3.844032506025492e-9,
      "m07": 0,
      "m08": 0.009848074316978452,
      "m09": -2.0360111840922442e-9,
      "m10": -0.0017364862561225886,
      "m11": 0,
      "m12": -0.0006871158333685628,
      "m13": -0.014104583758834277,
      "m14": -0.0004106044472407679,
      "m15": 1
    },
    {
      "__type__": "cc.Mat4",
      "m00": -0.00258819431066513,
      "m01": -9.174402038070183e-10,
      "m02": -0.009659256339073179,
      "m03": 0,
      "m04": 1.5646209327389583e-9,
      "m05": 0.009999998211860654,
      "m06": -1.3690440431509006e-9,
      "m07": 0,
      "m08": 0.00965925335884094,
      "m09": -1.865643215470668e-9,
      "m10": -0.0025881949067115776,
      "m11": 0,
      "m12": -0.0008261127011499976,
      "m13": -0.015238881901336794,
      "m14": -0.0004621259586933483,
      "m15": 1
    },
    {
      "__type__": "cc.Mat4",
      "m00": -2.189537013919107e-9,
      "m01": -3.198164506557077e-9,