{
  "__type__": "cc.Skeleton",
  "_name": "Skin-8",
  "_objFlags": 0,
  "_native": "",
  "_joints": [
    "RootNode/Male_Hips/Male_Spine/Male_Spine1/Male_Spine2/Male_Neck/Male_Head/Male_EyebrowLeft",
    "RootNode/Male_Hips",
    "RootNode/Male_Hips/Male_Spine/Male_Spine1/Male_Spine2/Male_Neck/Male_Head",
    "RootNode/Male_Hips/Male_Spine/Male_Spine1/Male_Spine2/Male_Neck/Male_Head/Male_EyebrowRight",
    "RootNode/Male_Hips/Male_Spine/Male_Spine1/Male_Spine2/Male_Neck/Male_Head/Male_EyelidRight",
    "RootNode/Male_Hips/Male_Spine/Male_Spine1/Male_Spine2/Male_Neck/Male_Head/Male_EyelidLeft"
  ],
  "_bindposes": [
    {
      "__type__": "cc.Mat4",
      "m00": 0.0025881928205490107,
      "m01": 3.445302922955306e-9,
      "m02": 0.00965925872325897,
      "m03": 0,
      "m04": 1.3550736376675705e-9,
      "m05": -0.009999997615814205,
      "m06": 3.203750224536739e-9,
      "m07": 0,
      "m08": 0.009659255146980282,
      "m09": 4.797082930885203e-10,
      "m10": -0.002588193714618682,
      "m11": 0,
      "m12": -0.0008249319559273013,
      "m13": 0.015238878465344323,
      "m14": -0.00045773087466590226,
      "m15": 1
    },
    {
      "__type__": "cc.Mat4",
      "m00": 6.123234262925838e-19,
      "m01": -0.009999999999999998,
      "m02": 4.371213435661047e-10,
      "m03": 0,
      "m04": 0.009999999999999997,
      "m05": 6.123235233530197e-19,
      "m06": 2.8327694093684465e-18,
      "m07": 0,
      "m08": -2.8327694755428952e-18,
      "m09": 4.371213435661046e-10,
      "m10": 0.009999999999999997,
      "m11": 0,
      "m12": -0.006836777180433264,
      "m13": -0.0000011620435162753,
      "m14": 0.0006249069792083308,
      "m15": 1
    },
    {
      "__type__": "cc.Mat4",
      "m00": -3.0156292041283447e-9,
      "m01": -0.009999999999999998,
      "m02": -3.2600357826595424e-8,
      "m03": 0,
      "m04": 0.00993116199970245,
      "m05": 8.2366391040977e-10,
      "m06": -0.001171316578984258,
      "m07": 0,
      "m08": 0.001171316578984258,
      "m09": -3.272918320362804e-8,
      "m10": 0.00993116199970245,
      "m11": 0,
      "m12": -0.013979994924189075,
      "m13": -0.0000011669135197980374,
      "m14": 0.002355541510376926,
      "m15": 1
    },
    {
      "__type__": "cc.Mat4",
      "m00": -0.00258819431066513,
      "m01": -9.174402038070183e-10,
      "m02": -0.009659256339073179,
      "m03": 0,
      "m04": 1.5646209327389583e-9,
      "m05": 0.009999998211860654,
      "m06": -1.3690440431509006e-9,
      "m07": 0,
      "m08": 0.00965925335884094,
      "m09": -1.865643215470668e-9,
      "m10": -0.0025881949067115776,
      "m11": 0,
      "m12": -0.0008261127414775935,
      "m13": -0.015238881868561548,
      "m14": -0.0004621259518934716,
      "m15": 1
    },
    {
      "__type__": "cc.Mat4",
      "m00": -2.189537013919107e-9,
      "m01": -3.198164506557077e-9,
      "m02": -0.009999999999999998,
      "m03": 0,
      "m04": 0.003141896426677705,
      "m05": 0.009493599534034726,
      "m06": -3.7241409245325476e-9,
      "m07": 0,
      "m08": 0.009493599534034726,
      "m09": -0.003141896426677705,
      "m10": -1.0738291678080703e-9,
      "m11": 0,
      "m12": -0.004927458368718271,
      "m13": -0.014059861827998225,
      "m14": -0.0005377500040579326,
      "m15": 1
    },
    {
      "__type__": "cc.Mat4",
      "m00": -2.189537013919107e-9,
      "m01": -3.198164506557077e-9,
      "m02": -0.009999999999999998,
      "m03": 0,
      "m04": 0.003141896426677705,
      "m05": 0.009493599534034726,
      "m06": -3.7241409245325476e-9,
      "m07": 0,
      "m08": 0.009493599534034726,
      "m09": -0.003141896426677705,
      "m10": -1.0738291678080703e-9,
      "m11": 0,
      "m12": -0.004927458717964237,
      "m13": -0.014059860081768398,
      "m14": 0.0005305994579445832,
      "m15": 1
    }
  ],
  "_hash": 0
}