{
  "__type__": "cc.Skeleton",
  "_name": "Skin-2",
  "_objFlags": 0,
  "_native": "",
  "_joints": [
    "RootNode/Male_Hips/Male_Spine/Male_Spine1/Male_Spine2/Male_Neck/Male_Head"
  ],
  "_bindposes": [
    {
      "__type__": "cc.Mat4",
      "m00": -3.0156292041283447e-9,
      "m01": -0.009999999999999998,
      "m02": -3.2600357826595424e-8,
      "m03": 0,
      "m04": 0.00993116199970245,
      "m05": 8.2366391040977e-10,
      "m06": -0.001171316578984258,
      "m07": 0,
      "m08": 0.001171316578984258,
      "m09": -3.272918320362804e-8,
      "m10": 0.00993116199970245,
      "m11": 0,
      "m12": -0.01397999499253872,
      "m13": -0.0000011668983627954423,
      "m14": 0.0023555416015104656,
      "m15": 1
    }
  ],
  "_hash": 0
}