{
  "__type__": "cc.Skeleton",
  "_name": "Skin-8",
  "_objFlags": 0,
  "_native": "",
  "_joints": [
    "RootNode/Male_Hips/Male_Spine/Male_Spine1/Male_Spine2/Male_Neck/Male_Head/Male_EyebrowLeft",
    "RootNode/Male_Hips",
    "RootNode/Male_Hips/Male_Spine/Male_Spine1/Male_Spine2/Male_Neck/Male_Head",
    "RootNode/Male_Hips/Male_Spine/Male_Spine1/Male_Spine2/Male_Neck/Male_Head/Male_EyebrowRight",
    "RootNode/Male_Hips/Male_Spine/Male_Spine1/Male_Spine2/Male_Neck/Male_Head/Male_EyelidRight",
    "RootNode/Male_Hips/Male_Spine/Male_Spine1/Male_Spine2/Male_Neck/Male_Head/Male_EyelidLeft"
  ],
  "_bindposes": [
    {
      "__type__": "cc.Mat4",
      "m00": 0.2588192820549011,
      "m01": 3.4453029229553067e-7,
      "m02": 0.9659258723258972,
      "m03": 0,
      "m04": -0.9659255146980286,
      "m05": -4.79708290868075e-8,
      "m06": 0.2588193714618683,
      "m07": 0,
      "m08": 1.3550736355227855e-7,
      "m09": -0.9999997615814209,
      "m10": 3.2037502251114347e-7,
      "m11": 0,
      "m12": -0.0016591940075159073,
      "m13": -0.0008788038394413888,
      "m14": -0.0004616075602825731,
      "m15": 1
    },
    {
      "__type__": "cc.Mat4",
      "m00": 6.123234262925839e-17,
      "m01": -1,
      "m02": 4.371213435661048e-8,
      "m03": 0,
      "m04": 6.123234262925839e-17,
      "m05": -4.371213435661048e-8,
      "m06": -1,
      "m07": 0,
      "m08": 1,
      "m09": 6.123234262925839e-17,
      "m10": 6.123233601181349e-17,
      "m11": 0,
      "m12": 0.009280908852815628,
      "m13": 0.00021851126803085208,
      "m14": -0.00017992583161685616,
      "m15": 1
    },
    {
      "__type__": "cc.Mat4",
      "m00": -3.015629204128345e-7,
      "m01": -1,
      "m02": -0.0000032600357826595427,
      "m03": 0,
      "m04": -0.11713165789842606,
      "m05": 0.0000032729183203628054,
      "m06": -0.9931161999702454,
      "m07": 0,
      "m08": 0.9931161999702454,
      "m09": 8.236639104097776e-8,
      "m10": -0.11713165789842606,
      "m11": 0,
      "m12": 0.0019324688473716378,
      "m13": 0.00021851039491593838,
      "m14": -0.000331641553202644,
      "m15": 1
    },
    {
      "__type__": "cc.Mat4",
      "m00": -0.25881943106651306,
      "m01": -9.174402038070184e-8,
      "m02": -0.9659256339073181,
      "m03": 0,
      "m04": -0.9659253358840942,
      "m05": 1.8656432132502232e-7,
      "m06": 0.25881949067115784,
      "m07": 0,
      "m08": 1.5646209305941738e-7,
      "m09": 0.9999998211860657,
      "m10": -1.3690440425762063e-7,
      "m11": 0,
      "m12": -0.0015466628829017282,
      "m13": 0.0008788014529272914,
      "m14": -0.000041633626096881926,
      "m15": 1
    },
    {
      "__type__": "cc.Mat4",
      "m00": -2.1895370139191073e-7,
      "m01": -3.1981645065570774e-7,
      "m02": -1,
      "m03": 0,
      "m04": -0.9493599534034729,
      "m05": 0.3141896426677704,
      "m06": 1.0738291678080714e-7,
      "m07": 0,
      "m08": 0.3141896426677704,
      "m09": 0.9493599534034729,
      "m10": -3.7241409245325485e-7,
      "m11": 0,
      "m12": -0.0006275243358686566,
      "m13": 0.0014944940339773893,
      "m14": -0.0003180825733579695,
      "m15": 1
    },
    {
      "__type__": "cc.Mat4",
      "m00": -2.1895370139191073e-7,
      "m01": -3.1981645065570774e-7,
      "m02": -1,
      "m03": 0,
      "m04": -0.9493599534034729,
      "m05": 0.3141896426677704,
      "m06": 1.0738291678080714e-7,
      "m07": 0,
      "m08": 0.3141896426677704,
      "m09": 0.9493599534034729,
      "m10": -3.7241409245325485e-7,
      "m11": 0,
      "m12": -0.0006275246851146221,
      "m13": 0.0014944957802072167,
      "m14": 0.0007502668886445463,
      "m15": 1
    }
  ],
  "_hash": 582221600
}