{
  "__type__": "cc.Skeleton",
  "_name": "Skin-10",
  "_objFlags": 0,
  "_native": "",
  "_joints": [
    "RootNode/Male_Hips/Male_Spine/Male_Spine1/Male_Spine2/Male_Neck",
    "RootNode/Male_Hips/Male_Spine/Male_Spine1/Male_Spine2/Male_Neck/Male_Head",
    "RootNode/Male_Hips/Male_Spine/Male_Spine1/Male_Spine2/Male_Neck/Male_Head/Male_Jaw",
    "RootNode/Male_Hips/Male_Spine/Male_Spine1/Male_Spine2/Male_Neck/Male_Head/Male_EyebrowLeft",
    "RootNode/Male_Hips/Male_Spine/Male_Spine1/Male_Spine2/Male_Neck/Male_Head/Male_EyebrowRight",
    "RootNode/Male_Hips/Male_Spine/Male_Spine1/Male_Spine2/Male_Neck/Male_Head/Male_CheekLeft",
    "RootNode/Male_Hips/Male_Spine/Male_Spine1/Male_Spine2/Male_Neck/Male_Head/Male_CheekRight",
    "RootNode/Male_Hips/Male_Spine/Male_Spine1/Male_Spine2/Male_Neck/Male_Head/Male_MouthLeft",
    "RootNode/Male_Hips/Male_Spine/Male_Spine1/Male_Spine2/Male_Neck/Male_Head/Male_MouthRight",
    "RootNode/Male_Hips/Male_Spine/Male_Spine1/Male_Spine2/Male_Neck/Male_Head/Male_EyelidLeft",
    "RootNode/Male_Hips/Male_Spine/Male_Spine1/Male_Spine2/Male_Neck/Male_Head/Male_EyelidRight",
    "RootNode/Male_Hips/Male_Spine/Male_Spine1/Male_Spine2"
  ],
  "_bindposes": [
    {
      "__type__": "cc.Mat4",
      "m00": -3.749141512798814e-9,
      "m01": -0.009999999999999998,
      "m02": -1.809342734304664e-8,
      "m03": 0,
      "m04": 0.009848172068595883,
      "m05": -5.513128087386616e-10,
      "m06": -0.0017359378933906528,
      "m07": 0,
      "m08": 0.0017359378933906528,
      "m09": -1.8469551150701586e-8,
      "m10": 0.009848172068595883,
      "m11": 0,
      "m12": -0.012769337274556486,
      "m13": -0.0000011639505089262359,
      "m14": 0.003149202579233321,
      "m15": 1
    },
    {
      "__type__": "cc.Mat4",
      "m00": -3.0156292041283447e-9,
      "m01": -0.009999999999999998,
      "m02": -3.2600357826595424e-8,
      "m03": 0,
      "m04": 0.00993116199970245,
      "m05": 8.2366391040977e-10,
      "m06": -0.001171316578984258,
      "m07": 0,
      "m08": 0.001171316578984258,
      "m09": -3.272918320362804e-8,
      "m10": 0.00993116199970245,
      "m11": 0,
      "m12": -0.013979994955465437,
      "m13": -0.0000011668983740931332,
      "m14": 0.0023555415664203065,
      "m15": 1
    },
    {
      "__type__": "cc.Mat4",
      "m00": -1.2643059221772998e-9,
      "m01": -1.4157542693737922e-9,
      "m02": -0.009999999999999998,
      "m03": 0,
      "m04": -0.004506813585758206,
      "m05": 0.008926844000816343,
      "m06": -6.940231855878667e-10,
      "m07": 0,
      "m08": 0.008926844000816343,
      "m09": 0.004506813585758206,
      "m10": -1.766681805293046e-9,
      "m11": 0,
      "m12": 0.006743387706045722,
      "m13": -0.012623578434282606,
      "m14": 8.966876874623302e-10,
      "m15": 1
    },
    {
      "__type__": "cc.Mat4",
      "m00": 0.0025881928205490107,
      "m01": 3.445302922955306e-9,
      "m02": 0.00965925872325897,
      "m03": 0,
      "m04": 1.3550736376675705e-9,
      "m05": -0.009999997615814205,
      "m06": 3.203750224536739e-9,
      "m07": 0,
      "m08": 0.009659255146980282,
      "m09": 4.797082930885203e-10,
      "m10": -0.002588193714618682,
      "m11": 0,
      "m12": -0.0008249319690300735,
      "m13": 0.015238878352497967,
      "m14": -0.0004577308908020246,
      "m15": 1
    },
    {
      "__type__": "cc.Mat4",
      "m00": -0.00258819431066513,
      "m01": -9.174402038070183e-10,
      "m02": -0.009659256339073179,
      "m03": 0,
      "m04": 1.5646209327389583e-9,
      "m05": 0.009999998211860654,
      "m06": -1.3690440431509006e-9,
      "m07": 0,
      "m08": 0.00965925335884094,
      "m09": -1.865643215470668e-9,
      "m10": -0.0025881949067115776,
      "m11": 0,
      "m12": -0.0008261127055908363,
      "m13": -0.015238881892145313,
      "m14": -0.00046212594955317743,
      "m15": 1
    },
    {
      "__type__": "cc.Mat4",
      "m00": 0.0025881928205490107,
      "m01": 3.445302922955306e-9,
      "m02": 0.00965925872325897,
      "m03": 0,
      "m04": 1.3550736376675705e-9,
      "m05": -0.009999997615814205,
      "m06": 3.203750224536739e-9,
      "m07": 0,
      "m08": 0.009659255146980282,
      "m09": 4.797082930885203e-10,
      "m10": -0.002588193714618682,
      "m11": 0,
      "m12": -0.0007846859117059621,
      "m13": 0.014524351215036849,
      "m14": -0.00043961369813504695,
      "m15": 1
    },
    {
      "__type__": "cc.Mat4",
      "m00": -0.00258819431066513,
      "m01": -9.174402038070183e-10,
      "m02": -0.009659256339073179,
      "m03": 0,
      "m04": 1.5646209327389583e-9,
      "m05": 0.009999998211860654,
      "m06": -1.3690440431509006e-9,
      "m07": 0,
      "m08": 0.00965925335884094,
      "m09": -1.865643215470668e-9,
      "m10": -0.0025881949067115776,
      "m11": 0,
      "m12": -0.0007858654841135066,
      "m13": -0.01452435348866757,
      "m14": -0.0004440095426896221,
      "m15": 1
    },
    {
      "__type__": "cc.Mat4",
      "m00": 0.0017364802956581114,
      "m01": 7.043857408461916e-10,
      "m02": 0.009848077297210692,
      "m03": 0,
      "m04": 8.939236572853723e-10,
      "m05": -0.009999997615814205,
      "m06": 5.576293201111678e-10,
      "m07": 0,
      "m08": 0.009848074913024899,
      "m09": 7.835117821208818e-10,
      "m10": -0.0017364807426929467,
      "m11": 0,
      "m12": -0.0006863230446939393,
      "m13": 0.014104586973746405,
      "m14": -0.00040612261729024,
      "m15": 1
    },
    {
      "__type__": "cc.Mat4",
      "m00": -0.0017364859580993649,
      "m01": -3.544327284998871e-9,
      "m02": -0.0098480749130249,
      "m03": 0,
      "m04": 1.389611983226418e-9,
      "m05": 0.009999995231628415,
      "m06": -3.844032506025492e-9,
      "m07": 0,
      "m08": 0.009848074316978452,
      "m09": -2.0360111840922442e-9,
      "m10": -0.0017364862561225886,
      "m11": 0,
      "m12": -0.0006871157238911697,
      "m13": -0.01410458376445588,
      "m14": -0.00041060446546573666,
      "m15": 1
    },
    {
      "__type__": "cc.Mat4",
      "m00": -2.189537013919107e-9,
      "m01": -3.198164506557077e-9,
      "m02": -0.009999999999999998,
      "m03": 0,
      "m04": 0.003141896426677705,
      "m05": 0.009493599534034726,
      "m06": -3.7241409245325476e-9,
      "m07": 0,
      "m08": 0.009493599534034726,
      "m09": -0.003141896426677705,
      "m10": -1.0738291678080703e-9,
      "m11": 0,
      "m12": -0.004927458631216947,
      "m13": -0.014059859916085975,
      "m14": 0.0005305995119667406,
      "m15": 1
    },
    {
      "__type__": "cc.Mat4",
      "m00": -2.2792927723003227e-9,
      "m01": -3.200935339009447e-9,
      "m02": -0.009999999999999998,
      "m03": 0,
      "m04": 0.0031301149725914013,
      "m05": 0.009497490525245664,
      "m06": -3.753532098471622e-9,
      "m07": 0,
      "m08": 0.009497490525245664,
      "m09": -0.0031301149725914013,
      "m10": -1.1628271323615978e-9,
      "m11": 0,
      "m12": -0.004910009947370217,
      "m13": -0.014065964616353384,
      "m14": -0.0005377499122162929,
      "m15": 1
    },
    {
      "__type__": "cc.Mat4",
      "m00": -1.6909365285755483e-9,
      "m01": -0.009999999999999998,
      "m02": -4.2808773059732625e-9,
      "m03": 0,
      "m04": 0.009994736313819882,
      "m05": -1.551175330405386e-9,
      "m06": -0.00032439872622489694,
      "m07": 0,
      "m08": 0.00032439872622489694,
      "m09": -4.333478500484487e-9,
      "m10": 0.009994736313819882,
      "m11": 0,
      "m12": -0.010065456701860624,
      "m13": -0.0000011613873262648718,
      "m14": 0.001309926607188064,
      "m15": 1
    }
  ],
  "_hash": 0
}