{
  "__type__": "cc.Skeleton",
  "_name": "Skin-4",
  "_objFlags": 0,
  "_native": "",
  "_joints": [
    "RootNode/Male_Hips/Male_RightUpLeg",
    "RootNode/Male_Hips",
    "RootNode/Male_Hips/Male_Spine",
    "RootNode/Male_Hips/Male_RightUpLeg/Male_RightLeg",
    "RootNode/Male_Hips/Male_LeftUpLeg",
    "RootNode/Male_Hips/Male_RightUpLeg/Male_RightLeg/Male_RightFoot",
    "RootNode/Male_Hips/Male_LeftUpLeg/Male_LeftLeg",
    "RootNode/Male_Hips/Male_LeftUpLeg/Male_LeftLeg/Male_LeftFoot"
  ],
  "_bindposes": [
    {
      "__type__": "cc.Mat4",
      "m00": -3.1008875112092933e-9,
      "m01": -4.2319300064264095e-9,
      "m02": -0.009999999999999998,
      "m03": 0,
      "m04": -0.009975493550300595,
      "m05": 0.0006996617466211338,
      "m06": 2.797196714254822e-9,
      "m07": 0,
      "m08": 0.0006996617466211338,
      "m09": 0.009975493550300595,
      "m10": -4.438516327809338e-9,
      "m11": 0,
      "m12": 0.007223112800499302,
      "m13": 0.00019802948059751514,
      "m14": -0.0008801555592494471,
      "m15": 1
    },
    {
      "__type__": "cc.Mat4",
      "m00": 6.123234262925838e-19,
      "m01": -0.009999999999999998,
      "m02": 4.371213435661047e-10,
      "m03": 0,
      "m04": 0.009999999999999997,
      "m05": 6.123235233530197e-19,
      "m06": 2.8327694093684465e-18,
      "m07": 0,
      "m08": -2.8327694755428952e-18,
      "m09": 4.371213435661046e-10,
      "m10": 0.009999999999999997,
      "m11": 0,
      "m12": -0.006836777338758108,
      "m13": -0.000001162035067533861,
      "m14": 0.0006249070531434951,
      "m15": 1
    },
    {
      "__type__": "cc.Mat4",
      "m00": -1.5958130461513063e-9,
      "m01": -0.009999999999999998,
      "m02": -4.2217712348246996e-9,
      "m03": 0,
      "m04": 0.009976978898048397,
      "m05": -1.3058411241217987e-9,
      "m06": -0.0006781471520662284,
      "m07": 0,
      "m08": 0.0006781471520662284,
      "m09": -4.320272068980556e-9,
      "m10": 0.009976978898048397,
      "m11": 0,
      "m12": -0.007587009795728709,
      "m13": -0.0000011616331417208672,
      "m14": 0.0016493649406758948,
      "m15": 1
    },
    {
      "__type__": "cc.Mat4",
      "m00": -2.0781749299203507e-9,
      "m01": -4.81725862755411e-9,
      "m02": -0.009999999999999998,
      "m03": 0,
      "m04": -0.009880028367042538,
      "m05": -0.0015443497896194432,
      "m06": 2.797196714254822e-9,
      "m07": 0,
      "m08": -0.0015443497896194432,
      "m09": 0.009880028367042538,
      "m10": -4.438523149019601e-9,
      "m11": 0,
      "m12": 0.003702555050339695,
      "m13": 0.0010508852094976602,
      "m14": -0.0008801555592499165,
      "m15": 1
    },
    {
      "__type__": "cc.Mat4",
      "m00": 4.034140772546379e-9,
      "m01": -1.0446973419675486e-8,
      "m02": 0.009999999999999998,
      "m03": 0,
      "m04": -0.009975493550300595,
      "m05": -0.0006996617466211338,
      "m06": 3.2933198212958777e-9,
      "m07": 0,
      "m08": 0.0006996617466211338,
      "m09": -0.009975493550300595,
      "m10": -1.0703624866437164e-8,
      "m11": 0,
      "m12": 0.007223113964808535,
      "m13": -0.00019802891339379094,
      "m14": -0.0008798499070828053,
      "m15": 1
    },
    {
      "__type__": "cc.Mat4",
      "m00": -4.826503641197632e-9,
      "m01": 6.278653330582528e-10,
      "m02": -0.009999999999999998,
      "m03": 0,
      "m04": -0.00428085774183273,
      "m05": 0.009037380218505859,
      "m06": 2.63358373331357e-9,
      "m07": 0,
      "m08": 0.009037380218505859,
      "m09": 0.00428085774183273,
      "m10": -4.0931152511802785e-9,
      "m11": 0,
      "m12": 0.001261834814745132,
      "m13": -0.000561864962627434,
      "m14": -0.0008801555236793472,
      "m15": 1
    },
    {
      "__type__": "cc.Mat4",
      "m00": 1.6007957981400974e-9,
      "m01": -3.7140492281650943e-9,
      "m02": 0.009999999999999998,
      "m03": 0,
      "m04": -0.009880029559135434,
      "m05": 0.0015443503856658908,
      "m06": 2.15517005131005e-9,
      "m07": 0,
      "m08": -0.0015443503856658908,
      "m09": -0.009880029559135434,
      "m10": -3.4222725275867555e-9,
      "m11": 0,
      "m12": 0.0037025566544770395,
      "m13": -0.001050885779591945,
      "m14": -0.0008798488024924664,
      "m15": 1
    },
    {
      "__type__": "cc.Mat4",
      "m00": 2.8369831284180687e-9,
      "m01": 4.826830135584713e-10,
      "m02": 0.009999999999999998,
      "m03": 0,
      "m04": -0.00428085774183273,
      "m05": -0.009037380218505859,
      "m06": 1.6506913880220951e-9,
      "m07": 0,
      "m08": 0.009037380218505859,
      "m09": -0.00428085774183273,
      "m10": -2.357259916152543e-9,
      "m11": 0,
      "m12": 0.001261835396989311,
      "m13": 0.0005618651954823611,
      "m14": -0.0008798488043786182,
      "m15": 1
    }
  ],
  "_hash": 0
}