{
  "__type__": "cc.Skeleton",
  "_name": "Skin-6",
  "_objFlags": 0,
  "_native": "",
  "_joints": [
    "RootNode/Female_Hips/Female_Spine/Female_Spine1/Female_Neck/Female_Head"
  ],
  "_bindposes": [
    {
      "__type__": "cc.Mat4",
      "m00": -0.000006029404028773937,
      "m01": 0.009999956484560093,
      "m02": -0.000027492478824907072,
      "m03": 0,
      "m04": 0.009957194924354556,
      "m05": 0.000008544505108147869,
      "m06": 0.0009242079406976723,
      "m07": 0,
      "m08": 0.0009242276856466751,
      "m09": -0.00002681754883202097,
      "m10": -0.009957161541602345,
      "m11": 0,
      "m12": -0.013075415753931901,
      "m13": -0.000012096577394180652,
      "m14": -0.0014295728364016728,
      "m15": 1
    }
  ],
  "_hash": 0
}