{
  "__type__": "cc.Skeleton",
  "_name": "Skin-8",
  "_objFlags": 0,
  "_native": "",
  "_joints": [
    "RootNode/Female_Hips/Female_Spine/Female_Spine1/Female_Neck/Female_Head"
  ],
  "_bindposes": [
    {
      "__type__": "cc.Mat4",
      "m00": 0.0006029543583281338,
      "m01": -0.9999956488609314,
      "m02": 0.0027490975335240364,
      "m03": 0,
      "m04": 0.09242276847362518,
      "m05": -0.0026816038880497217,
      "m06": -0.9957161545753479,
      "m07": 0,
      "m08": 0.9957194924354553,
      "m09": 0.000854450510814786,
      "m10": 0.092420794069767,
      "m11": 0,
      "m12": 0.0011753439903259277,
      "m13": -0.00027942119049839675,
      "m14": -0.00004106486449018121,
      "m15": 1
    }
  ],
  "_hash": 2354793929
}