{
  "__type__": "cc.Skeleton",
  "_name": "Skin-0",
  "_objFlags": 0,
  "_native": "",
  "_joints": [
    "RootNode/Female_Hips/Female_RightUpLeg",
    "RootNode/Female_Hips",
    "RootNode/Female_Hips/Female_RightUpLeg/Female_RightLeg",
    "RootNode/Female_Hips/Female_RightUpLeg/Female_RightLeg/Female_RightFoot",
    "RootNode/Female_Hips/Female_LeftUpLeg",
    "RootNode/Female_Hips/Female_LeftUpLeg/Female_LeftLeg",
    "RootNode/Female_Hips/Female_LeftUpLeg/Female_LeftLeg/Female_LeftFoot",
    "RootNode/Female_Hips/Female_Spine"
  ],
  "_bindposes": [
    {
      "__type__": "cc.Mat4",
      "m00": -2.728775555941284e-9,
      "m01": -9.75057073680331e-9,
      "m02": -0.010000000000001622,
      "m03": 0,
      "m04": -0.009956344962120058,
      "m05": 0.0009333790838718394,
      "m06": 1.8067653684283895e-9,
      "m07": 0,
      "m08": 0.0009333789348606545,
      "m09": 0.009956346750260987,
      "m10": -9.962701386118022e-9,
      "m11": 0,
      "m12": 0.0084972309562244,
      "m13": -0.0007284122289564678,
      "m14": -0.0005802435613332751,
      "m15": 1
    },
    {
      "__type__": "cc.Mat4",
      "m00": 0.00003297419930500575,
      "m01": 0.009999927285175804,
      "m02": 0.000018811619326320873,
      "m03": 0,
      "m04": 0.009999943971633913,
      "m05": -0.0000329672545194626,
      "m06": -0.000003721466346175984,
      "m07": 0,
      "m08": -0.0000036594222496509285,
      "m09": 0.000018823787063948272,
      "m10": -0.00999998152540071,
      "m11": 0,
      "m12": -0.008068281385293748,
      "m13": 0.000028621339439356037,
      "m14": 0.00009520592691722317,
      "m15": 1
    },
    {
      "__type__": "cc.Mat4",
      "m00": -9.5451473800521e-10,
      "m01": -3.3480183777236084e-10,
      "m02": -0.010000000000000155,
      "m03": 0,
      "m04": -0.009962346553802492,
      "m05": -0.0008669822663068795,
      "m06": 9.799472877602969e-10,
      "m07": 0,
      "m08": -0.000866982042789323,
      "m09": 0.009962347745895552,
      "m10": -2.5078655821467447e-10,
      "m11": 0,
      "m12": 0.004719307361093495,
      "m13": 0.00011972998075216433,
      "m14": -0.0005802433703661204,
      "m15": 1
    },
    {
      "__type__": "cc.Mat4",
      "m00": 5.743336837689661e-9,
      "m01": 5.334162464542697e-9,
      "m02": -0.00999999999999894,
      "m03": 0,
      "m04": -0.0059796142578125025,
      "m05": 0.008015249371528626,
      "m06": 8.411711860389898e-10,
      "m07": 0,
      "m08": 0.008015249967574299,
      "m09": 0.005979613065718867,
      "m10": 7.793049900922545e-9,
      "m11": 0,
      "m12": 0.0007090689959299364,
      "m13": -0.0009182969416357441,
      "m14": -0.0005802434846086895,
      "m15": 1
    },
    {
      "__type__": "cc.Mat4",
      "m00": 3.5312578755343903e-9,
      "m01": -1.0328251347896786e-8,
      "m02": 0.009999999999998515,
      "m03": 0,
      "m04": -0.009956343770027163,
      "m05": -0.000933380201458929,
      "m06": 2.5518241386635084e-9,
      "m07": 0,
      "m08": 0.0009333799779409927,
      "m09": -0.009956344366072165,
      "m10": -1.0612764282907763e-8,
      "m11": 0,
      "m12": 0.008497230117460114,
      "m13": 0.0007284126407717054,
      "m14": -0.0005797601236665978,
      "m15": 1
    },
    {
      "__type__": "cc.Mat4",
      "m00": -1.979059932306902e-11,
      "m01": 3.231227747176723e-10,
      "m02": 0.010000000000000165,
      "m03": 0,
      "m04": -0.009962344765663149,
      "m05": 0.0008669818937778496,
      "m06": -4.773025974458286e-11,
      "m07": 0,
      "m08": -0.0008669817447662403,
      "m09": -0.009962345957756207,
      "m10": 3.201903831240599e-10,
      "m11": 0,
      "m12": 0.004719306240202818,
      "m13": -0.00011972986609833059,
      "m14": -0.000579759247265917,
      "m15": 1
    },
    {
      "__type__": "cc.Mat4",
      "m00": -5.14090117096734e-9,
      "m01": 4.6950980342858305e-9,
      "m02": 0.010000000000001162,
      "m03": 0,
      "m04": -0.005979613065719608,
      "m05": -0.008015249371528626,
      "m06": 6.891787052154526e-10,
      "m07": 0,
      "m08": 0.008015249967575943,
      "m09": -0.005979612469673933,
      "m10": 6.928046689696997e-9,
      "m11": 0,
      "m12": 0.000709068847863864,
      "m13": 0.0009182971789425199,
      "m14": -0.0005797595871697215,
      "m15": 1
    },
    {
      "__type__": "cc.Mat4",
      "m00": -0.0000257111649522101,
      "m01": 0.009999930863279707,
      "m02": 0.000025359935736748295,
      "m03": 0,
      "m04": 0.009691871404647829,
      "m05": 0.000018672425067052242,
      "m06": 0.002463183701038363,
      "m07": 0,
      "m08": 0.0024631208220204266,
      "m09": 0.00003091165209752642,
      "m10": -0.009691855315223093,
      "m11": 0,
      "m12": -0.008939938828721567,
      "m13": -0.000019046976634202902,
      "m14": -0.0026099765971870285,
      "m15": 1
    }
  ],
  "_hash": 0
}