{
  "__type__": "cc.Skeleton",
  "_name": "Skin-2",
  "_objFlags": 0,
  "_native": "",
  "_joints": [
    "RootNode/Female_Hips/Female_LeftUpLeg/Female_LeftLeg/Female_LeftFoot/Female_LeftToeBase",
    "RootNode/Female_Hips",
    "RootNode/Female_Hips/Female_LeftUpLeg/Female_LeftLeg/Female_LeftFoot",
    "RootNode/Female_Hips/Female_LeftUpLeg/Female_LeftLeg",
    "RootNode/Female_Hips/Female_RightUpLeg/Female_RightLeg/Female_RightFoot/Female_RightToeBase",
    "RootNode/Female_Hips/Female_RightUpLeg/Female_RightLeg/Female_RightFoot",
    "RootNode/Female_Hips/Female_RightUpLeg/Female_RightLeg"
  ],
  "_bindposes": [
    {
      "__type__": "cc.Mat4",
      "m00": -5.792282422589778e-7,
      "m01": -0.0000015480287629543454,
      "m02": -1,
      "m03": 0,
      "m04": 0.9995546340942383,
      "m05": -0.02983732335269451,
      "m06": -5.327814278643928e-7,
      "m07": 0,
      "m08": -0.029837321490049362,
      "m09": -0.9995548129081726,
      "m10": 0.0000015646221527276793,
      "m11": 0,
      "m12": -0.0006984726642258465,
      "m13": -0.0005571615765802562,
      "m14": -0.0005787957343272865,
      "m15": 1
    },
    {
      "__type__": "cc.Mat4",
      "m00": -0.003297419985756278,
      "m01": -0.9999927282333374,
      "m02": -0.0018813129281625152,
      "m03": 0,
      "m04": -0.0003659417270682752,
      "m05": 0.0018825297011062503,
      "m06": -0.999998152256012,
      "m07": 0,
      "m08": 0.9999943971633911,
      "m09": -0.0032967254519462585,
      "m10": -0.0003721466346178204,
      "m11": 0,
      "m12": -0.007265795953571796,
      "m13": 0.000027976859200862236,
      "m14": -0.0004577554645948112,
      "m15": 1
    },
    {
      "__type__": "cc.Mat4",
      "m00": 6.351170327434374e-7,
      "m01": -5.59799445909448e-7,
      "m02": -1,
      "m03": 0,
      "m04": 0.8015249967575073,
      "m05": -0.5979612469673157,
      "m06": 8.438004783783981e-7,
      "m07": 0,
      "m08": -0.5979613065719604,
      "m09": -0.8015249371528625,
      "m10": 6.891787052154541e-8,
      "m11": 0,
      "m12": 0.0006720671663060784,
      "m13": -0.00005555058305617422,
      "m14": -0.0005787977133877575,
      "m15": 1
    },
    {
      "__type__": "cc.Mat4",
      "m00": -1.1112001097046686e-8,
      "m01": -1.8273952662184456e-7,
      "m02": -1,
      "m03": 0,
      "m04": -0.08669817447662354,
      "m05": -0.9962345957756042,
      "m06": 1.8301484772109688e-7,
      "m07": 0,
      "m08": -0.9962344765663147,
      "m09": 0.08669818937778473,
      "m10": -4.773025974458278e-9,
      "m11": 0,
      "m12": 0.003871724708005786,
      "m13": -0.0006007226184010506,
      "m14": -0.0005787977715954185,
      "m15": 1
    },
    {
      "__type__": "cc.Mat4",
      "m00": 0.0000012811476608476369,
      "m01": -0.0000020101956579310354,
      "m02": 1,
      "m03": 0,
      "m04": 0.9995549321174622,
      "m05": 0.029837286099791527,
      "m06": -0.0000012205982784507796,
      "m07": 0,
      "m08": -0.029837289825081825,
      "m09": 0.9995548129081726,
      "m10": 0.000002047526777460007,
      "m11": 0,
      "m12": -0.0006984728970564902,
      "m13": 0.000557161692995578,
      "m14": -0.0005812019808217883,
      "m15": 1
    },
    {
      "__type__": "cc.Mat4",
      "m00": -4.5330676812227466e-7,
      "m01": -4.4312659497336426e-7,
      "m02": 1,
      "m03": 0,
      "m04": 0.8015249967575073,
      "m05": 0.5979613065719604,
      "m06": 6.283091806835728e-7,
      "m07": 0,
      "m08": -0.59796142578125,
      "m09": 0.8015249371528625,
      "m10": 8.411711860389914e-8,
      "m11": 0,
      "m12": 0.0006720672245137393,
      "m13": 0.00005555068491958082,
      "m14": -0.0005812043673358858,
      "m15": 1
    },
    {
      "__type__": "cc.Mat4",
      "m00": 8.236040827114266e-8,
      "m01": 1.8390745992746815e-7,
      "m02": 1,
      "m03": 0,
      "m04": -0.08669820427894592,
      "m05": 0.9962347745895386,
      "m06": -1.7607446523015824e-7,
      "m07": 0,
      "m08": -0.996234655380249,
      "m09": -0.08669822663068771,
      "m10": 9.799472877602966e-8,
      "m11": 0,
      "m12": 0.003871725406497717,
      "m13": 0.0006007229094393551,
      "m14": -0.0005812047747895122,
      "m15": 1
    }
  ],
  "_hash": 3795997204
}