{
  "__type__": "cc.Skeleton",
  "_name": "Skin-2",
  "_objFlags": 0,
  "_native": "",
  "_joints": [
    "RootNode/Female_Hips/Female_LeftUpLeg/Female_LeftLeg/Female_LeftFoot/Female_LeftToeBase",
    "RootNode/Female_Hips",
    "RootNode/Female_Hips/Female_LeftUpLeg/Female_LeftLeg/Female_LeftFoot",
    "RootNode/Female_Hips/Female_LeftUpLeg/Female_LeftLeg",
    "RootNode/Female_Hips/Female_RightUpLeg/Female_RightLeg/Female_RightFoot/Female_RightToeBase",
    "RootNode/Female_Hips/Female_RightUpLeg/Female_RightLeg/Female_RightFoot",
    "RootNode/Female_Hips/Female_RightUpLeg/Female_RightLeg"
  ],
  "_bindposes": [
    {
      "__type__": "cc.Mat4",
      "m00": 7.301568032822367e-9,
      "m01": 1.5435234521640996e-8,
      "m02": 0.009999999999999084,
      "m03": 0,
      "m04": -0.0002983732149004959,
      "m05": -0.009995548129081728,
      "m06": 1.5646221527276796e-8,
      "m07": 0,
      "m08": 0.009995546340941396,
      "m09": -0.00029837323352927697,
      "m10": -6.8377723727307594e-9,
      "m11": 0,
      "m12": -0.0012269419543944047,
      "m13": 0.0002616601060576668,
      "m14": -0.0005797580585354237,
      "m15": 1
    },
    {
      "__type__": "cc.Mat4",
      "m00": 0.00003297419930500575,
      "m01": 0.009999927285175804,
      "m02": 0.000018811619326320873,
      "m03": 0,
      "m04": 0.009999943971633913,
      "m05": -0.0000329672545194626,
      "m06": -0.000003721466346175984,
      "m07": 0,
      "m08": -0.0000036594222496509285,
      "m09": 0.000018823787063948272,
      "m10": -0.00999998152540071,
      "m11": 0,
      "m12": -0.008068281354041503,
      "m13": 0.000028621339349476778,
      "m14": 0.00009520594047518016,
      "m15": 1
    },
    {
      "__type__": "cc.Mat4",
      "m00": -5.14090117096734e-9,
      "m01": 4.6950980342858305e-9,
      "m02": 0.010000000000001162,
      "m03": 0,
      "m04": -0.005979613065719608,
      "m05": -0.008015249371528626,
      "m06": 6.891787052154526e-10,
      "m07": 0,
      "m08": 0.008015249967575943,
      "m09": -0.005979612469673933,
      "m10": 6.928046689696997e-9,
      "m11": 0,
      "m12": 0.0007090688862588344,
      "m13": 0.0009182972051984238,
      "m14": -0.0005797595977999141,
      "m15": 1
    },
    {
      "__type__": "cc.Mat4",
      "m00": -1.979059932306902e-11,
      "m01": 3.231227747176723e-10,
      "m02": 0.010000000000000165,
      "m03": 0,
      "m04": -0.009962344765663149,
      "m05": 0.0008669818937778496,
      "m06": -4.773025974458286e-11,
      "m07": 0,
      "m08": -0.0008669817447662403,
      "m09": -0.009962345957756207,
      "m10": 3.201903831240599e-10,
      "m11": 0,
      "m12": 0.004719306226435689,
      "m13": -0.00011972979120262241,
      "m14": -0.0005797592316632729,
      "m15": 1
    },
    {
      "__type__": "cc.Mat4",
      "m00": -1.1302190548240995e-8,
      "m01": 2.0147009630962096e-8,
      "m02": -0.010000000000001731,
      "m03": 0,
      "m04": -0.00029837289825082055,
      "m05": 0.009995548129081728,
      "m06": 2.0475267774600078e-8,
      "m07": 0,
      "m08": 0.009995549321176442,
      "m09": 0.00029837286099487434,
      "m10": -1.0696024690420777e-8,
      "m11": 0,
      "m12": -0.0012269423755608317,
      "m13": -0.00026165997247469455,
      "m14": -0.0005802415870132579,
      "m15": 1
    },
    {
      "__type__": "cc.Mat4",
      "m00": 5.743336837689661e-9,
      "m01": 5.334162464542697e-9,
      "m02": -0.00999999999999894,
      "m03": 0,
      "m04": -0.0059796142578125025,
      "m05": 0.008015249371528626,
      "m06": 8.411711860389898e-10,
      "m07": 0,
      "m08": 0.008015249967574299,
      "m09": 0.005979613065718867,
      "m10": 7.793049900922545e-9,
      "m11": 0,
      "m12": 0.0007090690391081072,
      "m13": -0.0009182971372406247,
      "m14": -0.0005802434193474729,
      "m15": 1
    },
    {
      "__type__": "cc.Mat4",
      "m00": -9.5451473800521e-10,
      "m01": -3.3480183777236084e-10,
      "m02": -0.010000000000000155,
      "m03": 0,
      "m04": -0.009962346553802492,
      "m05": -0.0008669822663068795,
      "m06": 9.799472877602969e-10,
      "m07": 0,
      "m08": -0.000866982042789323,
      "m09": 0.009962347745895552,
      "m10": -2.5078655821467447e-10,
      "m11": 0,
      "m12": 0.0047193070850201696,
      "m13": 0.00011973001332024873,
      "m14": -0.0005802433933854005,
      "m15": 1
    }
  ],
  "_hash": 0
}