{
  "__type__": "cc.Skeleton",
  "_name": "Skin-7",
  "_objFlags": 0,
  "_native": "",
  "_joints": [
    "RootNode/Female_Hips",
    "RootNode/Female_Hips/Female_RightUpLeg",
    "RootNode/Female_Hips/Female_RightUpLeg/Female_RightLeg",
    "RootNode/Female_Hips/Female_LeftUpLeg",
    "RootNode/Female_Hips/Female_LeftUpLeg/Female_LeftLeg"
  ],
  "_bindposes": [
    {
      "__type__": "cc.Mat4",
      "m00": 0.00003297419930500575,
      "m01": 0.009999927285175804,
      "m02": 0.000018811619326320873,
      "m03": 0,
      "m04": 0.009999943971633913,
      "m05": -0.0000329672545194626,
      "m06": -0.000003721466346175984,
      "m07": 0,
      "m08": -0.0000036594222496509285,
      "m09": 0.000018823787063948272,
      "m10": -0.00999998152540071,
      "m11": 0,
      "m12": -0.008068281088817457,
      "m13": 0.000028621340285814584,
      "m14": 0.00009520592192679641,
      "m15": 1
    },
    {
      "__type__": "cc.Mat4",
      "m00": -2.728775555941284e-9,
      "m01": -9.75057073680331e-9,
      "m02": -0.010000000000001622,
      "m03": 0,
      "m04": -0.009956344962120058,
      "m05": 0.0009333790838718394,
      "m06": 1.8067653684283895e-9,
      "m07": 0,
      "m08": 0.0009333789348606545,
      "m09": 0.009956346750260987,
      "m10": -9.962701386118022e-9,
      "m11": 0,
      "m12": 0.008497231157766561,
      "m13": -0.0007284122583872653,
      "m14": -0.0005802435877788534,
      "m15": 1
    },
    {
      "__type__": "cc.Mat4",
      "m00": -9.5451473800521e-10,
      "m01": -3.3480183777236084e-10,
      "m02": -0.010000000000000155,
      "m03": 0,
      "m04": -0.009962346553802492,
      "m05": -0.0008669822663068795,
      "m06": 9.799472877602969e-10,
      "m07": 0,
      "m08": -0.000866982042789323,
      "m09": 0.009962347745895552,
      "m10": -2.5078655821467447e-10,
      "m11": 0,
      "m12": 0.004719307370008732,
      "m13": 0.0001197299935331903,
      "m14": -0.0005802434164263207,
      "m15": 1
    },
    {
      "__type__": "cc.Mat4",
      "m00": 3.5312578755343903e-9,
      "m01": -1.0328251347896786e-8,
      "m02": 0.009999999999998515,
      "m03": 0,
      "m04": -0.009956343770027163,
      "m05": -0.000933380201458929,
      "m06": 2.5518241386635084e-9,
      "m07": 0,
      "m08": 0.0009333799779409927,
      "m09": -0.009956344366072165,
      "m10": -1.0612764282907763e-8,
      "m11": 0,
      "m12": 0.008497229851725518,
      "m13": 0.0007284126347061079,
      "m14": -0.0005797601720827551,
      "m15": 1
    },
    {
      "__type__": "cc.Mat4",
      "m00": -1.979059932306902e-11,
      "m01": 3.231227747176723e-10,
      "m02": 0.010000000000000165,
      "m03": 0,
      "m04": -0.009962344765663149,
      "m05": 0.0008669818937778496,
      "m06": -4.773025974458286e-11,
      "m07": 0,
      "m08": -0.0008669817447662403,
      "m09": -0.009962345957756207,
      "m10": 3.201903831240599e-10,
      "m11": 0,
      "m12": 0.004719306277692358,
      "m13": -0.0001197298533877196,
      "m14": -0.000579759201346447,
      "m15": 1
    }
  ],
  "_hash": 0
}