{
  "__type__": "cc.Skeleton",
  "_name": "Skin-0",
  "_objFlags": 0,
  "_native": "",
  "_joints": [
    "RootNode/Male_Hips/Male_Spine/Male_Spine1/Male_Spine2/Male_Neck/Male_Head/Male_EyelidLeft",
    "RootNode/Male_Hips/Male_Spine/Male_Spine1/Male_Spine2/Male_Neck/Male_Head/Male_EyeLeft",
    "RootNode/Male_Hips",
    "RootNode/Male_Hips/Male_Spine/Male_Spine1/Male_Spine2/Male_Neck/Male_Head/Male_EyebrowLeft",
    "RootNode/Male_Hips/Male_Spine/Male_Spine1/Male_Spine2/Male_Neck/Male_Head/Male_CheekLeft",
    "RootNode/Male_Hips/Male_Spine/Male_Spine1/Male_Spine2/Male_Neck/Male_Head/Male_EyelidRight",
    "RootNode/Male_Hips/Male_Spine/Male_Spine1/Male_Spine2/Male_Neck/Male_Head/Male_EyeRight",
    "RootNode/Male_Hips/Male_Spine/Male_Spine1/Male_Spine2/Male_Neck/Male_Head/Male_EyebrowRight",
    "RootNode/Male_Hips/Male_Spine/Male_Spine1/Male_Spine2/Male_Neck/Male_Head/Male_CheekRight"
  ],
  "_bindposes": [
    {
      "__type__": "cc.Mat4",
      "m00": -2.1895370139191073e-7,
      "m01": -3.1981645065570774e-7,
      "m02": -1,
      "m03": 0,
      "m04": -0.9493599534034729,
      "m05": 0.3141896426677704,
      "m06": 1.0738291678080714e-7,
      "m07": 0,
      "m08": 0.3141896426677704,
      "m09": 0.9493599534034729,
      "m10": -3.7241409245325485e-7,
      "m11": 0,
      "m12": 0.00007024065416771919,
      "m13": -0.000023247115677804686,
      "m14": 0.000534174672793597,
      "m15": 1
    },
    {
      "__type__": "cc.Mat4",
      "m00": -1.6028950255986274e-7,
      "m01": 0.000001434948558198812,
      "m02": -1,
      "m03": 0,
      "m04": -0.9994289875030518,
      "m05": -0.03378118947148323,
      "m06": 1.117237715675401e-7,
      "m07": 0,
      "m08": -0.03378118947148323,
      "m09": 0.9994289875030518,
      "m10": 0.0000014395448033610592,
      "m11": 0,
      "m12": 0.00007394553540507331,
      "m13": 0.0000024974331154226093,
      "m14": 0.000534174672793597,
      "m15": 1
    },
    {
      "__type__": "cc.Mat4",
      "m00": 6.123234262925839e-17,
      "m01": -1,
      "m02": 4.371213435661048e-8,
      "m03": 0,
      "m04": 6.123234262925839e-17,
      "m05": -4.371213435661048e-8,
      "m06": -1,
      "m07": 0,
      "m08": 1,
      "m09": 6.123234262925839e-17,
      "m10": 6.123233601181349e-17,
      "m11": 0,
      "m12": 0.008059253916144371,
      "m13": 0.000002418789108560304,
      "m14": 0.0009593644645065069,
      "m15": 1
    },
    {
      "__type__": "cc.Mat4",
      "m00": 0.2588192820549011,
      "m01": 3.4453029229553067e-7,
      "m02": 0.9659258723258972,
      "m03": 0,
      "m04": -0.9659255146980286,
      "m05": -4.79708290868075e-8,
      "m06": 0.2588193714618683,
      "m07": 0,
      "m08": 1.3550736355227855e-7,
      "m09": -0.9999997615814209,
      "m10": 3.2037502251114347e-7,
      "m11": 0,
      "m12": -0.0005027957377023995,
      "m13": 0.0003428503405302763,
      "m14": -0.0005477489903569221,
      "m15": 1
    },
    {
      "__type__": "cc.Mat4",
      "m00": 0.2588192820549011,
      "m01": 3.4453029229553067e-7,
      "m02": 0.9659258723258972,
      "m03": 0,
      "m04": -0.9659255146980286,
      "m05": -4.79708290868075e-8,
      "m06": 0.2588193714618683,
      "m07": 0,
      "m08": 1.3550736355227855e-7,
      "m09": -0.9999997615814209,
      "m10": 3.2037502251114347e-7,
      "m11": 0,
      "m12": -0.0004625497676897794,
      "m13": -0.00037167681148275733,
      "m14": -0.0005296317976899445,
      "m15": 1
    },
    {
      "__type__": "cc.Mat4",
      "m00": -2.1895370139191073e-7,
      "m01": -3.1981645065570774e-7,
      "m02": -1,
      "m03": 0,
      "m04": -0.9493599534034729,
      "m05": 0.3141896426677704,
      "m06": 1.0738291678080714e-7,
      "m07": 0,
      "m08": 0.3141896426677704,
      "m09": 0.9493599534034729,
      "m10": -3.7241409245325485e-7,
      "m11": 0,
      "m12": 0.00007024103979347274,
      "m13": -0.000023248916477314197,
      "m14": -0.0005341747892089188,
      "m15": 1
    },
    {
      "__type__": "cc.Mat4",
      "m00": -1.6028950255986274e-7,
      "m01": 0.000001434948558198812,
      "m02": -1,
      "m03": 0,
      "m04": -0.9994289875030518,
      "m05": -0.03378118947148323,
      "m06": 1.117237715675401e-7,
      "m07": 0,
      "m08": -0.03378118947148323,
      "m09": 0.9994289875030518,
      "m10": 0.0000014395448033610592,
      "m11": 0,
      "m12": 0.00007394644489977509,
      "m13": 0.000002497810100976494,
      "m14": -0.0005341747892089188,
      "m15": 1
    },
    {
      "__type__": "cc.Mat4",
      "m00": -0.25881943106651306,
      "m01": -9.174402038070184e-8,
      "m02": -0.9659256339073181,
      "m03": 0,
      "m04": -0.9659253358840942,
      "m05": 1.8656432132502232e-7,
      "m06": 0.25881949067115784,
      "m07": 0,
      "m08": 1.5646209305941738e-7,
      "m09": 0.9999998211860657,
      "m10": -1.3690440425762063e-7,
      "m11": 0,
      "m12": -0.0005021225661039352,
      "m13": -0.0003428530180826783,
      "m14": -0.000545233313459903,
      "m15": 1
    },
    {
      "__type__": "cc.Mat4",
      "m00": -0.25881943106651306,
      "m01": -9.174402038070184e-8,
      "m02": -0.9659256339073181,
      "m03": 0,
      "m04": -0.9659253358840942,
      "m05": 1.8656432132502232e-7,
      "m06": 0.25881949067115784,
      "m07": 0,
      "m08": 1.5646209305941738e-7,
      "m09": 0.9999998211860657,
      "m10": -1.3690440425762063e-7,
      "m11": 0,
      "m12": -0.00046187551924958825,
      "m13": 0.00037167544360272586,
      "m14": -0.0005271168774925172,
      "m15": 1
    }
  ],
  "_hash": 2363869218
}