{
  "__type__": "cc.Skeleton",
  "_name": "Skin-0",
  "_objFlags": 0,
  "_native": "",
  "_joints": [
    "RootNode/Male_Hips/Male_Spine/Male_Spine1/Male_Spine2/Male_Neck/Male_Head/Male_EyelidLeft",
    "RootNode/Male_Hips/Male_Spine/Male_Spine1/Male_Spine2/Male_Neck/Male_Head/Male_EyeLeft",
    "RootNode/Male_Hips",
    "RootNode/Male_Hips/Male_Spine/Male_Spine1/Male_Spine2/Male_Neck/Male_Head/Male_EyebrowLeft",
    "RootNode/Male_Hips/Male_Spine/Male_Spine1/Male_Spine2/Male_Neck/Male_Head/Male_CheekLeft",
    "RootNode/Male_Hips/Male_Spine/Male_Spine1/Male_Spine2/Male_Neck/Male_Head/Male_EyelidRight",
    "RootNode/Male_Hips/Male_Spine/Male_Spine1/Male_Spine2/Male_Neck/Male_Head/Male_EyeRight",
    "RootNode/Male_Hips/Male_Spine/Male_Spine1/Male_Spine2/Male_Neck/Male_Head/Male_EyebrowRight",
    "RootNode/Male_Hips/Male_Spine/Male_Spine1/Male_Spine2/Male_Neck/Male_Head/Male_CheekRight"
  ],
  "_bindposes": [
    {
      "__type__": "cc.Mat4",
      "m00": -2.1895370139191073e-7,
      "m01": -3.1981645065570774e-7,
      "m02": -1,
      "m03": 0,
      "m04": 0.31418964266777055,
      "m05": 0.9493599534034726,
      "m06": -3.7241409245325475e-7,
      "m07": 0,
      "m08": 0.9493599534034726,
      "m09": -0.31418964266777055,
      "m10": -1.0738291678080703e-7,
      "m11": 0,
      "m12": -0.004927458326782502,
      "m13": -0.014059858920875308,
      "m14": 0.0005305994466385488,
      "m15": 1
    },
    {
      "__type__": "cc.Mat4",
      "m00": -1.6028950255986274e-7,
      "m01": 0.000001434948558198812,
      "m02": -1,
      "m03": 0,
      "m04": -0.033781189471483,
      "m05": 0.9994289875030515,
      "m06": 0.0000014395448033610587,
      "m07": 0,
      "m08": 0.9994289875030515,
      "m09": 0.033781189471483,
      "m10": -1.1172377156754039e-7,
      "m11": 0,
      "m12": 0.00024288473715309265,
      "m13": -0.014896325648974643,
      "m14": 0.0005305724570953346,
      "m15": 1
    },
    {
      "__type__": "cc.Mat4",
      "m00": 6.123234262925839e-17,
      "m01": -1,
      "m02": 4.371213435661048e-8,
      "m03": 0,
      "m04": 0.9999999999999998,
      "m05": 6.123235233530198e-17,
      "m06": 2.832769409368447e-16,
      "m07": 0,
      "m08": -2.832769475542896e-16,
      "m09": 4.371213435661047e-8,
      "m10": 0.9999999999999998,
      "m11": 0,
      "m12": -0.006836776621639725,
      "m13": -0.0000011620350730417097,
      "m14": 0.0006249070576560337,
      "m15": 1
    },
    {
      "__type__": "cc.Mat4",
      "m00": 0.2588192820549011,
      "m01": 3.4453029229553067e-7,
      "m02": 0.9659258723258972,
      "m03": 0,
      "m04": 1.3550736376675706e-7,
      "m05": -0.9999997615814207,
      "m06": 3.20375022453674e-7,
      "m07": 0,
      "m08": 0.9659255146980283,
      "m09": 4.797082930885204e-8,
      "m10": -0.25881937146186823,
      "m11": 0,
      "m12": -0.0008249319166720784,
      "m13": 0.015238877312013436,
      "m14": -0.00045773091021115357,
      "m15": 1
    },
    {
      "__type__": "cc.Mat4",
      "m00": 0.2588192820549011,
      "m01": 3.4453029229553067e-7,
      "m02": 0.9659258723258972,
      "m03": 0,
      "m04": 1.3550736376675706e-7,
      "m05": -0.9999997615814207,
      "m06": 3.20375022453674e-7,
      "m07": 0,
      "m08": 0.9659255146980283,
      "m09": 4.797082930885204e-8,
      "m10": -0.25881937146186823,
      "m11": 0,
      "m12": -0.0007846859466594583,
      "m13": 0.014524350160000402,
      "m14": -0.0004396137175441759,
      "m15": 1
    },
    {
      "__type__": "cc.Mat4",
      "m00": -2.1895370139191073e-7,
      "m01": -3.1981645065570774e-7,
      "m02": -1,
      "m03": 0,
      "m04": 0.31418964266777055,
      "m05": 0.9493599534034726,
      "m06": -3.7241409245325475e-7,
      "m07": 0,
      "m08": 0.9493599534034726,
      "m09": -0.31418964266777055,
      "m10": -1.0738291678080703e-7,
      "m11": 0,
      "m12": -0.0049274579411567486,
      "m13": -0.014059860721674818,
      "m14": -0.000537750015363967,
      "m15": 1
    },
    {
      "__type__": "cc.Mat4",
      "m00": -1.6028950255986274e-7,
      "m01": 0.000001434948558198812,
      "m02": -1,
      "m03": 0,
      "m04": -0.033781189471483,
      "m05": 0.9994289875030515,
      "m06": 0.0000014395448033610587,
      "m07": 0,
      "m08": 0.9994289875030515,
      "m09": 0.033781189471483,
      "m10": -1.1172377156754039e-7,
      "m11": 0,
      "m12": 0.00024288564664779442,
      "m13": -0.01489632527198909,
      "m14": -0.0005377770049071812,
      "m15": 1
    },
    {
      "__type__": "cc.Mat4",
      "m00": -0.25881943106651306,
      "m01": -9.174402038070184e-8,
      "m02": -0.9659256339073181,
      "m03": 0,
      "m04": 1.5646209327389587e-7,
      "m05": 0.9999998211860655,
      "m06": -1.3690440431509007e-7,
      "m07": 0,
      "m08": 0.965925335884094,
      "m09": -1.8656432154706682e-7,
      "m10": -0.2588194906711578,
      "m11": 0,
      "m12": -0.0008261125630637392,
      "m13": -0.015238880830179647,
      "m14": -0.0004621259741408079,
      "m15": 1
    },
    {
      "__type__": "cc.Mat4",
      "m00": -0.25881943106651306,
      "m01": -9.174402038070184e-8,
      "m02": -0.9659256339073181,
      "m03": 0,
      "m04": 1.5646209327389587e-7,
      "m05": 0.9999998211860655,
      "m06": -1.3690440431509007e-7,
      "m07": 0,
      "m08": 0.965925335884094,
      "m09": -1.8656432154706682e-7,
      "m10": -0.2588194906711578,
      "m11": 0,
      "m12": -0.0007858655162093922,
      "m13": -0.014524352368494243,
      "m14": -0.00044400953817342215,
      "m15": 1
    }
  ],
  "_hash": 0
}