{
  "__type__": "cc.Skeleton",
  "_name": "Skin-7",
  "_objFlags": 0,
  "_native": "",
  "_joints": [
    "RootNode/Male_Hips/Male_LeftUpLeg/Male_LeftLeg/Male_LeftFoot",
    "RootNode/Male_Hips",
    "RootNode/Male_Hips/Male_LeftUpLeg/Male_LeftLeg",
    "RootNode/Male_Hips/Male_LeftUpLeg/Male_LeftLeg/Male_LeftFoot/Male_LeftToeBase",
    "RootNode/Male_Hips/Male_RightUpLeg/Male_RightLeg/Male_RightFoot",
    "RootNode/Male_Hips/Male_RightUpLeg/Male_RightLeg",
    "RootNode/Male_Hips/Male_RightUpLeg/Male_RightLeg/Male_RightFoot/Male_RightToeBase"
  ],
  "_bindposes": [
    {
      "__type__": "cc.Mat4",
      "m00": 2.836983128418069e-7,
      "m01": 4.826830135584714e-8,
      "m02": 1,
      "m03": 0,
      "m04": -0.428085774183273,
      "m05": -0.9037380218505858,
      "m06": 1.6506913880220956e-7,
      "m07": 0,
      "m08": 0.9037380218505858,
      "m09": -0.428085774183273,
      "m10": -2.357259916152543e-7,
      "m11": 0,
      "m12": 0.0012618354113825812,
      "m13": 0.0005618651340708234,
      "m14": -0.0008798488282516338,
      "m15": 1
    },
    {
      "__type__": "cc.Mat4",
      "m00": 6.123234262925839e-17,
      "m01": -1,
      "m02": 4.371213435661048e-8,
      "m03": 0,
      "m04": 0.9999999999999998,
      "m05": 6.123235233530198e-17,
      "m06": 2.832769409368447e-16,
      "m07": 0,
      "m08": -2.832769475542896e-16,
      "m09": 4.371213435661047e-8,
      "m10": 0.9999999999999998,
      "m11": 0,
      "m12": -0.00683677737833932,
      "m13": -0.0000011620350581288637,
      "m14": 0.0006249070611470433,
      "m15": 1
    },
    {
      "__type__": "cc.Mat4",
      "m00": 1.6007957981400978e-7,
      "m01": -3.714049228165095e-7,
      "m02": 1,
      "m03": 0,
      "m04": -0.9880029559135435,
      "m05": 0.1544350385665891,
      "m06": 2.15517005131005e-7,
      "m07": 0,
      "m08": -0.1544350385665891,
      "m09": -0.9880029559135435,
      "m10": -3.422272527586756e-7,
      "m11": 0,
      "m12": 0.0037025566370449932,
      "m13": -0.001050885774243325,
      "m14": -0.000879848799491435,
      "m15": 1
    },
    {
      "__type__": "cc.Mat4",
      "m00": -1.6289688176129857e-7,
      "m01": 0.000001114688075176673,
      "m02": 1,
      "m03": 0,
      "m04": -0.017102241516113056,
      "m05": -0.9998537898063657,
      "m06": 0.000001111739038606174,
      "m07": 0,
      "m08": 0.9998537898063657,
      "m09": -0.017102241516113056,
      "m10": 1.8193669859556365e-7,
      "m11": 0,
      "m12": -0.0006595530538190618,
      "m13": 0.00031810235676354634,
      "m14": -0.0008798497579948603,
      "m15": 1
    },
    {
      "__type__": "cc.Mat4",
      "m00": -4.826503641197633e-7,
      "m01": 6.278653330582529e-8,
      "m02": -1,
      "m03": 0,
      "m04": -0.428085774183273,
      "m05": 0.9037380218505858,
      "m06": 2.63358373331357e-7,
      "m07": 0,
      "m08": 0.9037380218505858,
      "m09": 0.428085774183273,
      "m10": -4.093115251180279e-7,
      "m11": 0,
      "m12": 0.0012618349455538378,
      "m13": -0.000561864675661227,
      "m14": -0.000880155525608526,
      "m15": 1
    },
    {
      "__type__": "cc.Mat4",
      "m00": -2.0781749299203511e-7,
      "m01": -4.817258627554111e-7,
      "m02": -1,
      "m03": 0,
      "m04": -0.9880028367042539,
      "m05": -0.15443497896194433,
      "m06": 2.797196714254822e-7,
      "m07": 0,
      "m08": -0.15443497896194433,
      "m09": 0.9880028367042539,
      "m10": -4.4385231490196015e-7,
      "m11": 0,
      "m12": 0.0037025546861420774,
      "m13": 0.0010508852732075574,
      "m14": -0.0008801555351589417,
      "m15": 1
    },
    {
      "__type__": "cc.Mat4",
      "m00": 1.823095985287182e-8,
      "m01": 0.0000012099940249754582,
      "m02": -1,
      "m03": 0,
      "m04": -0.01710244826972462,
      "m05": 0.9998536705970762,
      "m06": 0.0000012095052852600927,
      "m07": 0,
      "m08": 0.9998536705970762,
      "m09": 0.01710244826972462,
      "m10": 3.8922156164744314e-8,
      "m11": 0,
      "m12": -0.0006595530163164758,
      "m13": -0.0003181017601191225,
      "m14": -0.0008801561075605987,
      "m15": 1
    }
  ],
  "_hash": 0
}