{
  "__type__": "cc.Skeleton",
  "_name": "Skin-2",
  "_objFlags": 0,
  "_native": "",
  "_joints": [
    "RootNode/Male_Hips/Male_Spine/Male_Spine1/Male_Spine2/Male_Neck/Male_Head"
  ],
  "_bindposes": [
    {
      "__type__": "cc.Mat4",
      "m00": -3.015629204128345e-7,
      "m01": -1,
      "m02": -0.0000032600357826595427,
      "m03": 0,
      "m04": 0.9931161999702451,
      "m05": 8.236639104097702e-8,
      "m06": -0.1171316578984258,
      "m07": 0,
      "m08": 0.1171316578984258,
      "m09": -0.0000032729183203628045,
      "m10": 0.9931161999702451,
      "m11": 0,
      "m12": -0.013979995140797275,
      "m13": -0.0000011668983616632277,
      "m14": 0.0023555416166521634,
      "m15": 1
    }
  ],
  "_hash": 0
}