{
  "__type__": "cc.Skeleton",
  "_name": "Skin-10",
  "_objFlags": 0,
  "_native": "",
  "_joints": [
    "RootNode/Male_Hips/Male_Spine/Male_Spine1/Male_Spine2/Male_Neck",
    "RootNode/Male_Hips/Male_Spine/Male_Spine1/Male_Spine2/Male_Neck/Male_Head",
    "RootNode/Male_Hips/Male_Spine/Male_Spine1/Male_Spine2/Male_Neck/Male_Head/Male_Jaw",
    "RootNode/Male_Hips/Male_Spine/Male_Spine1/Male_Spine2/Male_Neck/Male_Head/Male_EyebrowLeft",
    "RootNode/Male_Hips/Male_Spine/Male_Spine1/Male_Spine2/Male_Neck/Male_Head/Male_EyebrowRight",
    "RootNode/Male_Hips/Male_Spine/Male_Spine1/Male_Spine2/Male_Neck/Male_Head/Male_CheekLeft",
    "RootNode/Male_Hips/Male_Spine/Male_Spine1/Male_Spine2/Male_Neck/Male_Head/Male_CheekRight",
    "RootNode/Male_Hips/Male_Spine/Male_Spine1/Male_Spine2/Male_Neck/Male_Head/Male_MouthLeft",
    "RootNode/Male_Hips/Male_Spine/Male_Spine1/Male_Spine2/Male_Neck/Male_Head/Male_MouthRight",
    "RootNode/Male_Hips/Male_Spine/Male_Spine1/Male_Spine2/Male_Neck/Male_Head/Male_EyelidLeft",
    "RootNode/Male_Hips/Male_Spine/Male_Spine1/Male_Spine2/Male_Neck/Male_Head/Male_EyelidRight",
    "RootNode/Male_Hips/Male_Spine/Male_Spine1/Male_Spine2"
  ],
  "_bindposes": [
    {
      "__type__": "cc.Mat4",
      "m00": -3.749141512798815e-7,
      "m01": -1,
      "m02": -0.0000018093427343046642,
      "m03": 0,
      "m04": 0.9848172068595884,
      "m05": -5.513128087386616e-8,
      "m06": -0.1735937893390653,
      "m07": 0,
      "m08": 0.1735937893390653,
      "m09": -0.0000018469551150701587,
      "m10": 0.9848172068595884,
      "m11": 0,
      "m12": -0.01276933665087234,
      "m13": -0.0000011639505407934604,
      "m14": 0.0031492024692964782,
      "m15": 1
    },
    {
      "__type__": "cc.Mat4",
      "m00": -3.015629204128345e-7,
      "m01": -1,
      "m02": -0.0000032600357826595427,
      "m03": 0,
      "m04": 0.9931161999702451,
      "m05": 8.236639104097702e-8,
      "m06": -0.1171316578984258,
      "m07": 0,
      "m08": 0.1171316578984258,
      "m09": -0.0000032729183203628045,
      "m10": 0.9931161999702451,
      "m11": 0,
      "m12": -0.013979994326525544,
      "m13": -0.0000011668984058732808,
      "m14": 0.002355541492240898,
      "m15": 1
    },
    {
      "__type__": "cc.Mat4",
      "m00": -1.2643059221773e-7,
      "m01": -1.4157542693737923e-7,
      "m02": -1,
      "m03": 0,
      "m04": -0.4506813585758206,
      "m05": 0.8926844000816344,
      "m06": -6.940231855878667e-8,
      "m07": 0,
      "m08": 0.8926844000816344,
      "m09": 0.4506813585758206,
      "m10": -1.766681805293046e-7,
      "m11": 0,
      "m12": 0.006743387420629488,
      "m13": -0.012623577868946112,
      "m14": 8.966558111997517e-10,
      "m15": 1
    },
    {
      "__type__": "cc.Mat4",
      "m00": 0.2588192820549011,
      "m01": 3.4453029229553067e-7,
      "m02": 0.9659258723258972,
      "m03": 0,
      "m04": 1.3550736376675706e-7,
      "m05": -0.9999997615814207,
      "m06": 3.20375022453674e-7,
      "m07": 0,
      "m08": 0.9659255146980283,
      "m09": 4.797082930885204e-8,
      "m10": -0.25881937146186823,
      "m11": 0,
      "m12": -0.0008249319690217488,
      "m13": 0.01523887771919872,
      "m14": -0.00045773089077107403,
      "m15": 1
    },
    {
      "__type__": "cc.Mat4",
      "m00": -0.25881943106651306,
      "m01": -9.174402038070184e-8,
      "m02": -0.9659256339073181,
      "m03": 0,
      "m04": 1.5646209327389587e-7,
      "m05": 0.9999998211860655,
      "m06": -1.3690440431509007e-7,
      "m07": 0,
      "m08": 0.965925335884094,
      "m09": -1.8656432154706682e-7,
      "m10": -0.2588194906711578,
      "m11": 0,
      "m12": -0.0008261127055989761,
      "m13": -0.015238881258846027,
      "m14": -0.00046212594958401176,
      "m15": 1
    },
    {
      "__type__": "cc.Mat4",
      "m00": 0.2588192820549011,
      "m01": 3.4453029229553067e-7,
      "m02": 0.9659258723258972,
      "m03": 0,
      "m04": 1.3550736376675706e-7,
      "m05": -0.9999997615814207,
      "m06": 3.20375022453674e-7,
      "m07": 0,
      "m08": 0.9659255146980283,
      "m09": 4.797082930885204e-8,
      "m10": -0.25881937146186823,
      "m11": 0,
      "m12": -0.0007846859116976373,
      "m13": 0.014524350581737601,
      "m14": -0.0004396136981040964,
      "m15": 1
    },
    {
      "__type__": "cc.Mat4",
      "m00": -0.25881943106651306,
      "m01": -9.174402038070184e-8,
      "m02": -0.9659256339073181,
      "m03": 0,
      "m04": 1.5646209327389587e-7,
      "m05": 0.9999998211860655,
      "m06": -1.3690440431509007e-7,
      "m07": 0,
      "m08": 0.965925335884094,
      "m09": -1.8656432154706682e-7,
      "m10": -0.2588194906711578,
      "m11": 0,
      "m12": -0.0007858654841216464,
      "m13": -0.014524352855368284,
      "m14": -0.00044400954272045645,
      "m15": 1
    },
    {
      "__type__": "cc.Mat4",
      "m00": 0.17364802956581116,
      "m01": 7.043857408461918e-8,
      "m02": 0.9848077297210693,
      "m03": 0,
      "m04": 8.939236572853724e-8,
      "m05": -0.9999997615814207,
      "m06": 5.576293201111679e-8,
      "m07": 0,
      "m08": 0.98480749130249,
      "m09": 7.835117821208819e-8,
      "m10": -0.1736480742692947,
      "m11": 0,
      "m12": -0.000686323044688355,
      "m13": 0.014104586340447157,
      "m14": -0.000406122617258856,
      "m15": 1
    },
    {
      "__type__": "cc.Mat4",
      "m00": -0.17364859580993652,
      "m01": -3.5443272849988716e-7,
      "m02": -0.9848074913024902,
      "m03": 0,
      "m04": 1.389611983226418e-7,
      "m05": 0.9999995231628416,
      "m06": -3.8440325060254923e-7,
      "m07": 0,
      "m08": 0.9848074316978452,
      "m09": -2.036011184092244e-7,
      "m10": -0.17364862561225888,
      "m11": 0,
      "m12": -0.0006871157238966094,
      "m13": -0.014104583131156782,
      "m14": -0.0004106044654973288,
      "m15": 1
    },
    {
      "__type__": "cc.Mat4",
      "m00": -2.1895370139191073e-7,
      "m01": -3.1981645065570774e-7,
      "m02": -1,
      "m03": 0,
      "m04": 0.31418964266777055,
      "m05": 0.9493599534034726,
      "m06": -3.7241409245325475e-7,
      "m07": 0,
      "m08": 0.9493599534034726,
      "m09": -0.31418964266777055,
      "m10": -1.0738291678080703e-7,
      "m11": 0,
      "m12": -0.004927458432240834,
      "m13": -0.014059859314856886,
      "m14": 0.0005305995119346724,
      "m15": 1
    },
    {
      "__type__": "cc.Mat4",
      "m00": -2.279292772300323e-7,
      "m01": -3.2009353390094475e-7,
      "m02": -1,
      "m03": 0,
      "m04": 0.3130114972591402,
      "m05": 0.9497490525245663,
      "m06": -3.7535320984716226e-7,
      "m07": 0,
      "m08": 0.9497490525245663,
      "m09": -0.3130114972591402,
      "m10": -1.162827132361598e-7,
      "m11": 0,
      "m12": -0.004910009749140224,
      "m13": -0.014065964014877879,
      "m14": -0.0005377499122483628,
      "m15": 1
    },
    {
      "__type__": "cc.Mat4",
      "m00": -1.6909365285755484e-7,
      "m01": -1,
      "m02": -4.280877305973263e-7,
      "m03": 0,
      "m04": 0.9994736313819883,
      "m05": -1.5511753304053863e-7,
      "m06": -0.0324398726224897,
      "m07": 0,
      "m08": 0.0324398726224897,
      "m09": -4.3334785004844873e-7,
      "m10": 0.9994736313819883,
      "m11": 0,
      "m12": -0.010065456068894574,
      "m13": -0.0000011613873581954178,
      "m14": 0.0013099265866439124,
      "m15": 1
    }
  ],
  "_hash": 0
}