{
  "__type__": "cc.Skeleton",
  "_name": "Skin-7",
  "_objFlags": 0,
  "_native": "",
  "_joints": [
    "RootNode/Male_Hips/Male_LeftUpLeg/Male_LeftLeg/Male_LeftFoot",
    "RootNode/Male_Hips",
    "RootNode/Male_Hips/Male_LeftUpLeg/Male_LeftLeg",
    "RootNode/Male_Hips/Male_LeftUpLeg/Male_LeftLeg/Male_LeftFoot/Male_LeftToeBase",
    "RootNode/Male_Hips/Male_RightUpLeg/Male_RightLeg/Male_RightFoot",
    "RootNode/Male_Hips/Male_RightUpLeg/Male_RightLeg",
    "RootNode/Male_Hips/Male_RightUpLeg/Male_RightLeg/Male_RightFoot/Male_RightToeBase"
  ],
  "_bindposes": [
    {
      "__type__": "cc.Mat4",
      "m00": 2.836983128418069e-7,
      "m01": 4.826830135584714e-8,
      "m02": 1,
      "m03": 0,
      "m04": -0.9037380218505859,
      "m05": 0.4280857741832733,
      "m06": 2.3572599161525432e-7,
      "m07": 0,
      "m08": -0.4280857741832733,
      "m09": -0.9037380218505859,
      "m10": 1.6506913880220964e-7,
      "m11": 0,
      "m12": 0.00101195287425071,
      "m13": -0.00010519612987991422,
      "m14": -0.0008800672367215157,
      "m15": 1
    },
    {
      "__type__": "cc.Mat4",
      "m00": 6.123234262925839e-17,
      "m01": -1,
      "m02": 4.371213435661048e-8,
      "m03": 0,
      "m04": 6.123234262925839e-17,
      "m05": -4.371213435661048e-8,
      "m06": -1,
      "m07": 0,
      "m08": 1,
      "m09": 6.123234262925839e-17,
      "m10": 6.123233601181349e-17,
      "m11": 0,
      "m12": -0.006126957479864359,
      "m13": -9.435208880859136e-7,
      "m14": 0.0006846381584182382,
      "m15": 1
    },
    {
      "__type__": "cc.Mat4",
      "m00": 1.6007957981400978e-7,
      "m01": -3.714049228165095e-7,
      "m02": 1,
      "m03": 0,
      "m04": 0.15443503856658936,
      "m05": 0.9880029559135437,
      "m06": 3.422272527586756e-7,
      "m07": 0,
      "m08": -0.9880029559135437,
      "m09": 0.15443503856658936,
      "m10": 2.1551700513100513e-7,
      "m11": 0,
      "m12": 0.0029920279048383236,
      "m13": -0.0010002792114391923,
      "m14": -0.0008800671785138547,
      "m15": 1
    },
    {
      "__type__": "cc.Mat4",
      "m00": -1.6289688176129857e-7,
      "m01": 0.000001114688075176673,
      "m02": 1,
      "m03": 0,
      "m04": -0.999853789806366,
      "m05": 0.01710224151611328,
      "m06": -1.8193669859556394e-7,
      "m07": 0,
      "m08": -0.01710224151611328,
      "m09": -0.999853789806366,
      "m10": 0.0000011117390386061743,
      "m11": 0,
      "m12": -0.0006119702011346817,
      "m13": -0.00039263529470190406,
      "m14": -0.0008800674695521593,
      "m15": 1
    },
    {
      "__type__": "cc.Mat4",
      "m00": -4.826503641197633e-7,
      "m01": 6.278653330582529e-8,
      "m02": -1,
      "m03": 0,
      "m04": -0.9037380218505859,
      "m05": -0.4280857741832733,
      "m06": 4.0931152511802793e-7,
      "m07": 0,
      "m08": -0.4280857741832733,
      "m09": 0.9037380218505859,
      "m10": 2.6335837333135714e-7,
      "m11": 0,
      "m12": 0.0010119524085894227,
      "m13": 0.00010519658826524392,
      "m14": -0.0008799368515610695,
      "m15": 1
    },
    {
      "__type__": "cc.Mat4",
      "m00": -2.0781749299203511e-7,
      "m01": -4.817258627554111e-7,
      "m02": -1,
      "m03": 0,
      "m04": 0.15443497896194458,
      "m05": -0.9880028367042542,
      "m06": 4.438523149019602e-7,
      "m07": 0,
      "m08": -0.9880028367042542,
      "m09": -0.15443497896194458,
      "m10": 2.797196714254824e-7,
      "m11": 0,
      "m12": 0.0029920260421931744,
      "m13": 0.001000278745777905,
      "m14": -0.0008799368515610695,
      "m15": 1
    },
    {
      "__type__": "cc.Mat4",
      "m00": 1.823095985287182e-8,
      "m01": 0.0000012099940249754582,
      "m02": -1,
      "m03": 0,
      "m04": -0.9998536705970764,
      "m05": -0.017102448269724846,
      "m06": -3.892215616474459e-8,
      "m07": 0,
      "m08": -0.017102448269724846,
      "m09": 0.9998536705970764,
      "m10": 0.000001209505285260093,
      "m11": 0,
      "m12": -0.0006119703175500035,
      "m13": 0.0003926358185708523,
      "m14": -0.0008799367351457477,
      "m15": 1
    }
  ],
  "_hash": 280363124
}