{
  "__type__": "cc.Skeleton",
  "_name": "Skin-9",
  "_objFlags": 0,
  "_native": "",
  "_joints": [
    "RootNode/Male_Hips/Male_RightUpLeg/Male_RightLeg",
    "RootNode/Male_Hips/Male_RightUpLeg/Male_RightLeg/Male_RightFoot",
    "RootNode/Male_Hips/Male_RightUpLeg/Male_RightLeg/Male_RightFoot/Male_RightToeBase",
    "RootNode/Male_Hips/Male_LeftUpLeg/Male_LeftLeg",
    "RootNode/Male_Hips/Male_LeftUpLeg/Male_LeftLeg/Male_LeftFoot",
    "RootNode/Male_Hips/Male_LeftUpLeg/Male_LeftLeg/Male_LeftFoot/Male_LeftToeBase"
  ],
  "_bindposes": [
    {
      "__type__": "cc.Mat4",
      "m00": -2.0781749299203507e-9,
      "m01": -4.81725862755411e-9,
      "m02": -0.009999999999999998,
      "m03": 0,
      "m04": -0.009880028367042538,
      "m05": -0.0015443497896194432,
      "m06": 2.797196714254822e-9,
      "m07": 0,
      "m08": -0.0015443497896194432,
      "m09": 0.009880028367042538,
      "m10": -4.438523149019601e-9,
      "m11": 0,
      "m12": 0.0037025548131074905,
      "m13": 0.001050885218011755,
      "m14": -0.0008801555677549126,
      "m15": 1
    },
    {
      "__type__": "cc.Mat4",
      "m00": -4.826503641197632e-9,
      "m01": 6.278653330582528e-10,
      "m02": -0.009999999999999998,
      "m03": 0,
      "m04": -0.00428085774183273,
      "m05": 0.009037380218505859,
      "m06": 2.63358373331357e-9,
      "m07": 0,
      "m08": 0.009037380218505859,
      "m09": 0.00428085774183273,
      "m10": -4.0931152511802785e-9,
      "m11": 0,
      "m12": 0.0012618349569752387,
      "m13": -0.0005618647096152019,
      "m14": -0.0008801555582045277,
      "m15": 1
    },
    {
      "__type__": "cc.Mat4",
      "m00": 1.8230959852871816e-10,
      "m01": 1.209994024975458e-8,
      "m02": -0.009999999999999998,
      "m03": 0,
      "m04": -0.00017102448269724617,
      "m05": 0.009998536705970762,
      "m06": 1.2095052852600925e-8,
      "m07": 0,
      "m08": 0.009998536705970762,
      "m09": 0.00017102448269724617,
      "m10": 3.892215616474431e-10,
      "m11": 0,
      "m12": -0.0006595530628532853,
      "m13": -0.0003181017944506537,
      "m14": -0.0008801560819505977,
      "m15": 1
    },
    {
      "__type__": "cc.Mat4",
      "m00": 1.6007957981400974e-9,
      "m01": -3.7140492281650943e-9,
      "m02": 0.009999999999999998,
      "m03": 0,
      "m04": -0.009880029559135434,
      "m05": 0.0015443503856658908,
      "m06": 2.15517005131005e-9,
      "m07": 0,
      "m08": -0.0015443503856658908,
      "m09": -0.009880029559135434,
      "m10": -3.4222725275867555e-9,
      "m11": 0,
      "m12": 0.0037025567640107814,
      "m13": -0.0010508857190477954,
      "m14": -0.0008798488251025595,
      "m15": 1
    },
    {
      "__type__": "cc.Mat4",
      "m00": 2.8369831284180687e-9,
      "m01": 4.826830135584713e-10,
      "m02": 0.009999999999999998,
      "m03": 0,
      "m04": -0.00428085774183273,
      "m05": -0.009037380218505859,
      "m06": 1.6506913880220951e-9,
      "m07": 0,
      "m08": 0.009037380218505859,
      "m09": -0.00428085774183273,
      "m10": -2.357259916152543e-9,
      "m11": 0,
      "m12": 0.0012618354228043193,
      "m13": 0.0005618651753008048,
      "m14": -0.0008798488538628531,
      "m15": 1
    },
    {
      "__type__": "cc.Mat4",
      "m00": -1.6289688176129854e-9,
      "m01": 1.1146880751766728e-8,
      "m02": 0.009999999999999998,
      "m03": 0,
      "m04": -0.00017102241516113055,
      "m05": -0.009998537898063656,
      "m06": 1.1117390386061739e-8,
      "m07": 0,
      "m08": 0.009998537898063656,
      "m09": -0.00017102241516113055,
      "m10": 1.8193669859556364e-9,
      "m11": 0,
      "m12": -0.0006595530421486822,
      "m13": 0.00031810236199210937,
      "m14": -0.0008798497836076954,
      "m15": 1
    }
  ],
  "_hash": 0
}