{
  "__type__": "cc.Skeleton",
  "_name": "Skin-0",
  "_objFlags": 0,
  "_native": "",
  "_joints": [
    "RootNode/Male_Hips/Male_Spine/Male_Spine1/Male_Spine2/Male_Neck/Male_Head/Male_EyelidLeft",
    "RootNode/Male_Hips/Male_Spine/Male_Spine1/Male_Spine2/Male_Neck/Male_Head/Male_EyeLeft",
    "RootNode/Male_Hips",
    "RootNode/Male_Hips/Male_Spine/Male_Spine1/Male_Spine2/Male_Neck/Male_Head/Male_EyebrowLeft",
    "RootNode/Male_Hips/Male_Spine/Male_Spine1/Male_Spine2/Male_Neck/Male_Head/Male_CheekLeft",
    "RootNode/Male_Hips/Male_Spine/Male_Spine1/Male_Spine2/Male_Neck/Male_Head/Male_EyelidRight",
    "RootNode/Male_Hips/Male_Spine/Male_Spine1/Male_Spine2/Male_Neck/Male_Head/Male_EyeRight",
    "RootNode/Male_Hips/Male_Spine/Male_Spine1/Male_Spine2/Male_Neck/Male_Head/Male_EyebrowRight",
    "RootNode/Male_Hips/Male_Spine/Male_Spine1/Male_Spine2/Male_Neck/Male_Head/Male_CheekRight"
  ],
  "_bindposes": [
    {
      "__type__": "cc.Mat4",
      "m00": -2.189537013919107e-9,
      "m01": -3.198164506557077e-9,
      "m02": -0.009999999999999998,
      "m03": 0,
      "m04": 0.003141896426677705,
      "m05": 0.009493599534034726,
      "m06": -3.7241409245325476e-9,
      "m07": 0,
      "m08": 0.009493599534034726,
      "m09": -0.003141896426677705,
      "m10": -1.0738291678080703e-9,
      "m11": 0,
      "m12": -0.00492745830382628,
      "m13": -0.01405985881075266,
      "m14": 0.0005305994466294136,
      "m15": 1
    },
    {
      "__type__": "cc.Mat4",
      "m00": -1.602895025598627e-9,
      "m01": 1.4349485581988117e-8,
      "m02": -0.009999999999999998,
      "m03": 0,
      "m04": -0.00033781189471483,
      "m05": 0.009994289875030515,
      "m06": 1.4395448033610586e-8,
      "m07": 0,
      "m08": 0.009994289875030515,
      "m09": 0.00033781189471483,
      "m10": -1.1172377156754037e-9,
      "m11": 0,
      "m12": 0.00024288472057937792,
      "m13": -0.014896325537712349,
      "m14": 0.0005305724570864019,
      "m15": 1
    },
    {
      "__type__": "cc.Mat4",
      "m00": 6.123234262925838e-19,
      "m01": -0.009999999999999998,
      "m02": 4.371213435661047e-10,
      "m03": 0,
      "m04": 0.009999999999999997,
      "m05": 6.123235233530197e-19,
      "m06": 2.8327694093684465e-18,
      "m07": 0,
      "m08": -2.8327694755428952e-18,
      "m09": 4.371213435661046e-10,
      "m10": 0.009999999999999997,
      "m11": 0,
      "m12": -0.006836776509881024,
      "m13": -0.0000011620350821372194,
      "m14": 0.0006249070448503485,
      "m15": 1
    },
    {
      "__type__": "cc.Mat4",
      "m00": 0.0025881928205490107,
      "m01": 3.445302922955306e-9,
      "m02": 0.00965925872325897,
      "m03": 0,
      "m04": 1.3550736376675705e-9,
      "m05": -0.009999997615814205,
      "m06": 3.203750224536739e-9,
      "m07": 0,
      "m08": 0.009659255146980282,
      "m09": 4.797082930885203e-10,
      "m10": -0.002588193714618682,
      "m11": 0,
      "m12": -0.0008249319290390472,
      "m13": 0.01523887720025476,
      "m14": -0.0004577309068879734,
      "m15": 1
    },
    {
      "__type__": "cc.Mat4",
      "m00": 0.0025881928205490107,
      "m01": 3.445302922955306e-9,
      "m02": 0.00965925872325897,
      "m03": 0,
      "m04": 1.3550736376675705e-9,
      "m05": -0.009999997615814205,
      "m06": 3.203750224536739e-9,
      "m07": 0,
      "m08": 0.009659255146980282,
      "m09": 4.797082930885203e-10,
      "m10": -0.002588193714618682,
      "m11": 0,
      "m12": -0.0007846859590264271,
      "m13": 0.014524350048241727,
      "m14": -0.00043961371422099576,
      "m15": 1
    },
    {
      "__type__": "cc.Mat4",
      "m00": -2.189537013919107e-9,
      "m01": -3.198164506557077e-9,
      "m02": -0.009999999999999998,
      "m03": 0,
      "m04": 0.003141896426677705,
      "m05": 0.009493599534034726,
      "m06": -3.7241409245325476e-9,
      "m07": 0,
      "m08": 0.009493599534034726,
      "m09": -0.003141896426677705,
      "m10": -1.0738291678080703e-9,
      "m11": 0,
      "m12": -0.004927457918200527,
      "m13": -0.014059860611552169,
      "m14": -0.0005377500153731022,
      "m15": 1
    },
    {
      "__type__": "cc.Mat4",
      "m00": -1.602895025598627e-9,
      "m01": 1.4349485581988117e-8,
      "m02": -0.009999999999999998,
      "m03": 0,
      "m04": -0.00033781189471483,
      "m05": 0.009994289875030515,
      "m06": 1.4395448033610586e-8,
      "m07": 0,
      "m08": 0.009994289875030515,
      "m09": 0.00033781189471483,
      "m10": -1.1172377156754037e-9,
      "m11": 0,
      "m12": 0.0002428856300740797,
      "m13": -0.014896325160726795,
      "m14": -0.0005377770049161139,
      "m15": 1
    },
    {
      "__type__": "cc.Mat4",
      "m00": -0.00258819431066513,
      "m01": -9.174402038070183e-10,
      "m02": -0.009659256339073179,
      "m03": 0,
      "m04": 1.5646209327389583e-9,
      "m05": 0.009999998211860654,
      "m06": -1.3690440431509006e-9,
      "m07": 0,
      "m08": 0.00965925335884094,
      "m09": -1.865643215470668e-9,
      "m10": -0.0025881949067115776,
      "m11": 0,
      "m12": -0.0008261125754354112,
      "m13": -0.015238880718420965,
      "m14": -0.00046212597083524734,
      "m15": 1
    },
    {
      "__type__": "cc.Mat4",
      "m00": -0.00258819431066513,
      "m01": -9.174402038070183e-10,
      "m02": -0.009659256339073179,
      "m03": 0,
      "m04": 1.5646209327389583e-9,
      "m05": 0.009999998211860654,
      "m06": -1.3690440431509006e-9,
      "m07": 0,
      "m08": 0.00965925335884094,
      "m09": -1.865643215470668e-9,
      "m10": -0.0025881949067115776,
      "m11": 0,
      "m12": -0.0007858655285810642,
      "m13": -0.01452435225673556,
      "m14": -0.0004440095348678616,
      "m15": 1
    }
  ],
  "_hash": 0
}