{
  "current-scene": "0388e498-2a1a-4d66-9c98-b5bddc4863ad",
  "gizmos-infos": {
    "iconGizmoSize": 2,
    "isGridVisible": true,
    "isIconGizmo3D": false
  },
  "camera-infos": {
    "0388e498-2a1a-4d66-9c98-b5bddc4863ad": {
      "position": {
        "x": 480,
        "y": 320,
        "z": 1000
      },
      "rotation": {
        "w": 1,
        "x": 0,
        "y": 0,
        "z": 0
      },
      "viewCenter": {
        "x": 0.000005967684771769621,
        "y": 0.010439696927047935,
        "z": 0.006396783241900936
      }
    },
    "f46876e4-e81b-4931-b493-6d367be385e7": {
      "position": {
        "x": 0.04772657250538457,
        "y": -0.7938354999267268,
        "z": 9.936264324402817
      },
      "rotation": {
        "w": -0.9994276930544592,
        "x": 0.03031687956783983,
        "y": -0.010063222822128529,
        "z": -0.00030540346610645106
      },
      "viewCenter": {
        "x": -0.1845940314046247,
        "y": -1.4944500968066825,
        "z": -1.5990166417624971
      }
    }
  },
  "camera-uuids": [
    "0388e498-2a1a-4d66-9c98-b5bddc4863ad"
  ]
}
