{
  "current-scene": "0388e498-2a1a-4d66-9c98-b5bddc4863ad",
  "gizmos-infos": {
    "iconGizmoSize": 2,
    "isGridVisible": true,
    "isIconGizmo3D": false
  },
  "camera-infos": {
    "0388e498-2a1a-4d66-9c98-b5bddc4863ad": {
      "position": {
        "x": -0.01940447162928649,
        "y": 0.5403465735278701,
        "z": 1.7823100657675366
      },
      "rotation": {
        "w": 1,
        "x": 0,
        "y": 0,
        "z": 0
      },
      "viewCenter": {
        "x": -0.019404471629301145,
        "y": 0.5403465735278979,
        "z": 0.010840065767553406
      }
    },
    "f46876e4-e81b-4931-b493-6d367be385e7": {
      "position": {
        "x": 0.04772657250538457,
        "y": -0.7938354999267268,
        "z": 9.936264324402817
      },
      "rotation": {
        "w": -0.9994276930544592,
        "x": 0.03031687956783983,
        "y": -0.010063222822128529,
        "z": -0.00030540346610645106
      },
      "viewCenter": {
        "x": -0.1845940314046247,
        "y": -1.4944500968066825,
        "z": -1.5990166417624971
      }
    }
  },
  "camera-uuids": [
    "0388e498-2a1a-4d66-9c98-b5bddc4863ad"
  ],
  "float-window": {
    "position": {
      "cc": {
        "CameraComponent": {
          "bottom": 10,
          "dock": false,
          "left": null,
          "right": 10,
          "top": null
        }
      }
    }
  }
}
