{
  "__type__": "cc.Skeleton",
  "_name": "Skin-6",
  "_objFlags": 0,
  "_native": "",
  "_joints": [
    "RootNode/Male_Hips",
    "RootNode/Male_Hips/Male_Spine",
    "RootNode/Male_Hips/Male_RightUpLeg",
    "RootNode/Male_Hips/Male_RightUpLeg/Male_RightLeg",
    "RootNode/Male_Hips/Male_LeftUpLeg",
    "RootNode/Male_Hips/Male_RightUpLeg/Male_RightLeg/Male_RightFoot",
    "RootNode/Male_Hips/Male_LeftUpLeg/Male_LeftLeg",
    "RootNode/Male_Hips/Male_LeftUpLeg/Male_LeftLeg/Male_LeftFoot"
  ],
  "_bindposes": [
    {
      "__type__": "cc.Mat4",
      "m00": 6.123234262925839e-17,
      "m01": -1,
      "m02": 4.371213435661048e-8,
      "m03": 0,
      "m04": 0.9999999999999998,
      "m05": 6.123235233530198e-17,
      "m06": 2.832769409368447e-16,
      "m07": 0,
      "m08": -2.832769475542896e-16,
      "m09": 4.371213435661047e-8,
      "m10": 0.9999999999999998,
      "m11": 0,
      "m12": -0.0068367773201316595,
      "m13": -0.0000011620350417190831,
      "m14": 0.000624907035681194,
      "m15": 1
    },
    {
      "__type__": "cc.Mat4",
      "m00": -1.5958130461513065e-7,
      "m01": -1,
      "m02": -4.2217712348247005e-7,
      "m03": 0,
      "m04": 0.9976978898048399,
      "m05": -1.305841124121799e-7,
      "m06": -0.06781471520662284,
      "m07": 0,
      "m08": 0.06781471520662284,
      "m09": -4.320272068980556e-7,
      "m10": 0.9976978898048399,
      "m11": 0,
      "m12": -0.007587009734821251,
      "m13": -0.0000011616331841167863,
      "m14": 0.001649364966698934,
      "m15": 1
    },
    {
      "__type__": "cc.Mat4",
      "m00": -3.1008875112092937e-7,
      "m01": -4.23193000642641e-7,
      "m02": -1,
      "m03": 0,
      "m04": -0.9975493550300596,
      "m05": 0.0699661746621134,
      "m06": 2.797196714254822e-7,
      "m07": 0,
      "m08": 0.0699661746621134,
      "m09": 0.9975493550300596,
      "m10": -4.438516327809338e-7,
      "m11": 0,
      "m12": 0.007223112870444751,
      "m13": 0.00019802947402470811,
      "m14": -0.0008801555439712386,
      "m15": 1
    },
    {
      "__type__": "cc.Mat4",
      "m00": -2.0781749299203511e-7,
      "m01": -4.817258627554111e-7,
      "m02": -1,
      "m03": 0,
      "m04": -0.9880028367042539,
      "m05": -0.15443497896194433,
      "m06": 2.797196714254822e-7,
      "m07": 0,
      "m08": -0.15443497896194433,
      "m09": 0.9880028367042539,
      "m10": -4.4385231490196015e-7,
      "m11": 0,
      "m12": 0.00370255505392305,
      "m13": 0.001050885198786414,
      "m14": -0.0008801555439717097,
      "m15": 1
    },
    {
      "__type__": "cc.Mat4",
      "m00": 4.0341407725463796e-7,
      "m01": -0.0000010446973419675487,
      "m02": 1,
      "m03": 0,
      "m04": -0.9975493550300596,
      "m05": -0.0699661746621134,
      "m06": 3.293319821295879e-7,
      "m07": 0,
      "m08": 0.0699661746621134,
      "m09": -0.9975493550300596,
      "m10": -0.0000010703624866437165,
      "m11": 0,
      "m12": 0.007223114267584575,
      "m13": -0.00019802890682087463,
      "m14": -0.0008798499258347489,
      "m15": 1
    },
    {
      "__type__": "cc.Mat4",
      "m00": -4.826503641197633e-7,
      "m01": 6.278653330582529e-8,
      "m02": -1,
      "m03": 0,
      "m04": -0.428085774183273,
      "m05": 0.9037380218505858,
      "m06": 2.63358373331357e-7,
      "m07": 0,
      "m08": 0.9037380218505858,
      "m09": 0.428085774183273,
      "m10": -4.093115251180279e-7,
      "m11": 0,
      "m12": 0.001261834824447067,
      "m13": -0.0005618647244797939,
      "m14": -0.0008801555083219007,
      "m15": 1
    },
    {
      "__type__": "cc.Mat4",
      "m00": 1.6007957981400978e-7,
      "m01": -3.714049228165095e-7,
      "m02": 1,
      "m03": 0,
      "m04": -0.9880029559135435,
      "m05": 0.1544350385665891,
      "m06": 2.15517005131005e-7,
      "m07": 0,
      "m08": -0.1544350385665891,
      "m09": -0.9880029559135435,
      "m10": -3.422272527586756e-7,
      "m11": 0,
      "m12": 0.0037025566579236262,
      "m13": -0.0010508857691541114,
      "m14": -0.000879848761366342,
      "m15": 1
    },
    {
      "__type__": "cc.Mat4",
      "m00": 2.836983128418069e-7,
      "m01": 4.826830135584714e-8,
      "m02": 1,
      "m03": 0,
      "m04": -0.428085774183273,
      "m05": -0.9037380218505858,
      "m06": 1.6506913880220956e-7,
      "m07": 0,
      "m08": 0.9037380218505858,
      "m09": -0.428085774183273,
      "m10": -2.357259916152543e-7,
      "m11": 0,
      "m12": 0.0012618354066911892,
      "m13": 0.0005618654229959997,
      "m14": -0.000879848821215832,
      "m15": 1
    }
  ],
  "_hash": 0
}