{
  "__type__": "cc.Skeleton",
  "_name": "Skin-4",
  "_objFlags": 0,
  "_native": "",
  "_joints": [
    "RootNode/Female_Hips/Female_LeftUpLeg/Female_LeftLeg/Female_LeftFoot/Female_LeftToeBase",
    "RootNode/Female_Hips/Female_LeftUpLeg/Female_LeftLeg/Female_LeftFoot",
    "RootNode/Female_Hips/Female_LeftUpLeg/Female_LeftLeg",
    "RootNode/Female_Hips/Female_RightUpLeg/Female_RightLeg/Female_RightFoot/Female_RightToeBase",
    "RootNode/Female_Hips/Female_RightUpLeg/Female_RightLeg/Female_RightFoot",
    "RootNode/Female_Hips/Female_RightUpLeg/Female_RightLeg"
  ],
  "_bindposes": [
    {
      "__type__": "cc.Mat4",
      "m00": -5.792282422589778e-7,
      "m01": -0.0000015480287629543454,
      "m02": -1,
      "m03": 0,
      "m04": 0.9995546340942383,
      "m05": -0.02983732335269451,
      "m06": -5.327814278643928e-7,
      "m07": 0,
      "m08": -0.029837321490049362,
      "m09": -0.9995548129081726,
      "m10": 0.0000015646221527276793,
      "m11": 0,
      "m12": -0.0007103653624653816,
      "m13": -0.0008396392804570496,
      "m14": -0.0005813157767988741,
      "m15": 1
    },
    {
      "__type__": "cc.Mat4",
      "m00": 6.351170327434374e-7,
      "m01": -5.59799445909448e-7,
      "m02": -1,
      "m03": 0,
      "m04": 0.8015249967575073,
      "m05": -0.5979612469673157,
      "m06": 8.438004783783981e-7,
      "m07": 0,
      "m08": -0.5979613065719604,
      "m09": -0.8015249371528625,
      "m10": 6.891787052154541e-8,
      "m11": 0,
      "m12": 0.0005002469988539815,
      "m13": -0.0002800787624437362,
      "m14": -0.0005813182215206325,
      "m15": 1
    },
    {
      "__type__": "cc.Mat4",
      "m00": -1.1112001097046686e-8,
      "m01": -1.8273952662184456e-7,
      "m02": -1,
      "m03": 0,
      "m04": -0.08669817447662354,
      "m05": -0.9962345957756042,
      "m06": 1.8301484772109688e-7,
      "m07": 0,
      "m08": -0.9962344765663147,
      "m09": 0.08669818937778473,
      "m10": -4.773025974458278e-9,
      "m11": 0,
      "m12": 0.0035903826355934143,
      "m13": -0.0005727665266022086,
      "m14": -0.0005813183379359543,
      "m15": 1
    },
    {
      "__type__": "cc.Mat4",
      "m00": 0.0000012811476608476369,
      "m01": -0.0000020101956579310354,
      "m02": 1,
      "m03": 0,
      "m04": 0.9995549321174622,
      "m05": 0.029837286099791527,
      "m06": -0.0000012205982784507796,
      "m07": 0,
      "m08": -0.029837289825081825,
      "m09": 0.9995548129081726,
      "m10": 0.000002047526777460007,
      "m11": 0,
      "m12": -0.0007103655370883644,
      "m13": 0.0008396393386647105,
      "m14": -0.0005786808906123042,
      "m15": 1
    },
    {
      "__type__": "cc.Mat4",
      "m00": -4.5330676812227466e-7,
      "m01": -4.4312659497336426e-7,
      "m02": 1,
      "m03": 0,
      "m04": 0.8015249967575073,
      "m05": 0.5979613065719604,
      "m06": 6.283091806835728e-7,
      "m07": 0,
      "m08": -0.59796142578125,
      "m09": 0.8015249371528625,
      "m10": 8.411711860389914e-8,
      "m11": 0,
      "m12": 0.0005002470570616424,
      "m13": 0.000280078878859058,
      "m14": -0.0005786838592030108,
      "m15": 1
    },
    {
      "__type__": "cc.Mat4",
      "m00": 8.236040827114266e-8,
      "m01": 1.8390745992746815e-7,
      "m02": 1,
      "m03": 0,
      "m04": -0.08669820427894592,
      "m05": 0.9962347745895386,
      "m06": -1.7607446523015824e-7,
      "m07": 0,
      "m08": -0.996234655380249,
      "m09": -0.08669822663068771,
      "m10": 9.799472877602966e-8,
      "m11": 0,
      "m12": 0.0035903831012547016,
      "m13": 0.0005727667594328523,
      "m14": -0.0005786842084489763,
      "m15": 1
    }
  ],
  "_hash": 461013705
}