{
  "__type__": "cc.Skeleton",
  "_name": "Skin-10",
  "_objFlags": 0,
  "_native": "",
  "_joints": [
    "RootNode/Female_Hips/Female_Spine/Female_Spine1/Female_Neck/Female_Head/Female_EyeLeft",
    "RootNode/Female_Hips/Female_Spine/Female_Spine1/Female_Neck/Female_Head/Female_EyeRight"
  ],
  "_bindposes": [
    {
      "__type__": "cc.Mat4",
      "m00": -1.946464769087065e-9,
      "m01": 2.3410754989521473e-8,
      "m02": -0.009999998211860928,
      "m03": 0,
      "m04": -0.0003946161642670654,
      "m05": 0.009992212653160098,
      "m06": 2.3469324332836555e-8,
      "m07": 0,
      "m08": 0.009992211461067609,
      "m09": 0.00039461616426353054,
      "m10": -1.0211221615161724e-9,
      "m11": 0,
      "m12": -0.00004340653670590347,
      "m13": -0.014436521507687152,
      "m14": 0.0005640823742552091,
      "m15": 1
    },
    {
      "__type__": "cc.Mat4",
      "m00": -1.8067656202439776e-9,
      "m01": 1.7448830756111033e-8,
      "m02": -0.009999998211860943,
      "m03": 0,
      "m04": -0.0003946159407496475,
      "m05": 0.009992213249206544,
      "m06": 1.750653154886095e-8,
      "m07": 0,
      "m08": 0.009992210865021141,
      "m09": 0.0003946160525057218,
      "m10": -1.1167998672743048e-9,
      "m11": 0,
      "m12": -0.00004340656706880604,
      "m13": -0.014436520000685819,
      "m14": -0.0005670075264369689,
      "m15": 1
    }
  ],
  "_hash": 0
}