{
  "__type__": "cc.Skeleton",
  "_name": "Skin-0",
  "_objFlags": 0,
  "_native": "",
  "_joints": [
    "RootNode/Female_Hips/Female_RightUpLeg",
    "RootNode/Female_Hips",
    "RootNode/Female_Hips/Female_RightUpLeg/Female_RightLeg",
    "RootNode/Female_Hips/Female_RightUpLeg/Female_RightLeg/Female_RightFoot",
    "RootNode/Female_Hips/Female_LeftUpLeg",
    "RootNode/Female_Hips/Female_LeftUpLeg/Female_LeftLeg",
    "RootNode/Female_Hips/Female_LeftUpLeg/Female_LeftLeg/Female_LeftFoot",
    "RootNode/Female_Hips/Female_Spine"
  ],
  "_bindposes": [
    {
      "__type__": "cc.Mat4",
      "m00": 2.8697118636955565e-7,
      "m01": 0.0000011253937373112421,
      "m02": 1,
      "m03": 0,
      "m04": 0.09333789348602295,
      "m05": 0.9956346750259399,
      "m06": -0.0000011472659480205039,
      "m07": 0,
      "m08": -0.9956344962120056,
      "m09": 0.09333790838718414,
      "m10": 1.8067653684283869e-7,
      "m11": 0,
      "m12": 0.0033747300039976835,
      "m13": -0.0003072089166380465,
      "m14": -0.0005792715819552541,
      "m15": 1
    },
    {
      "__type__": "cc.Mat4",
      "m00": -0.003297419985756278,
      "m01": -0.9999927282333374,
      "m02": -0.0018813129281625152,
      "m03": 0,
      "m04": -0.0003659417270682752,
      "m05": 0.0018825297011062503,
      "m06": -0.999998152256012,
      "m07": 0,
      "m08": 0.9999943971633911,
      "m09": -0.0032967254519462585,
      "m10": -0.0003721466346178204,
      "m11": 0,
      "m12": -0.0029288390651345253,
      "m13": 0.000010596382708172314,
      "m14": 0.0001520503283245489,
      "m15": 1
    },
    {
      "__type__": "cc.Mat4",
      "m00": 8.236040827114266e-8,
      "m01": 1.8390745992746815e-7,
      "m02": 1,
      "m03": 0,
      "m04": -0.08669820427894592,
      "m05": 0.9962347745895386,
      "m06": -1.7607446523015824e-7,
      "m07": 0,
      "m08": -0.996234655380249,
      "m09": -0.08669822663068771,
      "m10": 9.799472877602966e-8,
      "m11": 0,
      "m12": -0.000395699345972389,
      "m13": -0.00038438919000327587,
      "m14": -0.0005792718729935586,
      "m15": 1
    },
    {
      "__type__": "cc.Mat4",
      "m00": -4.5330676812227466e-7,
      "m01": -4.4312659497336426e-7,
      "m02": 1,
      "m03": 0,
      "m04": 0.8015249967575073,
      "m05": 0.5979613065719604,
      "m06": 6.283091806835728e-7,
      "m07": 0,
      "m08": -0.59796142578125,
      "m09": 0.8015249371528625,
      "m10": 8.411711860389914e-8,
      "m11": 0,
      "m12": -0.002411222318187356,
      "m13": 0.0031659670639783144,
      "m14": -0.0005792721058242023,
      "m15": 1
    },
    {
      "__type__": "cc.Mat4",
      "m00": -3.3903214102792845e-7,
      "m01": 8.824885071589961e-7,
      "m02": -1,
      "m03": 0,
      "m04": 0.0933379977941513,
      "m05": -0.9956344366073608,
      "m06": -9.102806188820978e-7,
      "m07": 0,
      "m08": -0.9956343770027161,
      "m09": -0.0933380201458931,
      "m10": 2.5518241386635054e-7,
      "m11": 0,
      "m12": 0.00337472977116704,
      "m13": 0.00030720874201506376,
      "m14": -0.0005807297420687973,
      "m15": 1
    },
    {
      "__type__": "cc.Mat4",
      "m00": -1.1112001097046686e-8,
      "m01": -1.8273952662184456e-7,
      "m02": -1,
      "m03": 0,
      "m04": -0.08669817447662354,
      "m05": -0.9962345957756042,
      "m06": 1.8301484772109688e-7,
      "m07": 0,
      "m08": -0.9962344765663147,
      "m09": 0.08669818937778473,
      "m10": -4.773025974458278e-9,
      "m11": 0,
      "m12": -0.0003956995496992022,
      "m13": 0.0003843891026917845,
      "m14": -0.0005807302659377456,
      "m15": 1
    },
    {
      "__type__": "cc.Mat4",
      "m00": 6.351170327434374e-7,
      "m01": -5.59799445909448e-7,
      "m02": -1,
      "m03": 0,
      "m04": 0.8015249967575073,
      "m05": -0.5979612469673157,
      "m06": 8.438004783783981e-7,
      "m07": 0,
      "m08": -0.5979613065719604,
      "m09": -0.8015249371528625,
      "m10": 6.891787052154541e-8,
      "m11": 0,
      "m12": -0.0024112218525260687,
      "m13": -0.0031659668311476707,
      "m14": -0.0005807302659377456,
      "m15": 1
    },
    {
      "__type__": "cc.Mat4",
      "m00": 0.002571153687313199,
      "m01": -0.999993085861206,
      "m02": -0.002536139916628599,
      "m03": 0,
      "m04": 0.24631208181381226,
      "m05": 0.0030913162045180798,
      "m06": -0.9691855311393738,
      "m07": 0,
      "m08": 0.9691871404647827,
      "m09": 0.0018672425067052245,
      "m10": 0.24631837010383606,
      "m11": 0,
      "m12": -0.003973317798227072,
      "m13": -0.000010602991096675396,
      "m14": -0.0012870890786871314,
      "m15": 1
    }
  ],
  "_hash": 2406436222
}