{
  "__type__": "cc.Skeleton",
  "_name": "Skin-10",
  "_objFlags": 0,
  "_native": "",
  "_joints": [
    "RootNode/Female_Hips/Female_Spine/Female_Spine1/Female_Neck/Female_Head/Female_EyeLeft",
    "RootNode/Female_Hips/Female_Spine/Female_Spine1/Female_Neck/Female_Head/Female_EyeRight"
  ],
  "_bindposes": [
    {
      "__type__": "cc.Mat4",
      "m00": 3.455246826433722e-7,
      "m01": -0.0000023351169602392474,
      "m02": 0.9999998211860657,
      "m03": 0,
      "m04": 0.99922114610672,
      "m05": 0.039461616426706314,
      "m06": -2.5310799856015365e-7,
      "m07": 0,
      "m08": -0.039461616426706314,
      "m09": 0.9992212653160095,
      "m10": 0.000002346932433283655,
      "m11": 0,
      "m12": -0.0003157774335704744,
      "m13": -0.0006307786679826677,
      "m14": 0.0005665738717652857,
      "m15": 1
    },
    {
      "__type__": "cc.Mat4",
      "m00": 3.3155475875901175e-7,
      "m01": -0.0000017389245385857066,
      "m02": 0.9999998211860657,
      "m03": 0,
      "m04": 0.9992210865020752,
      "m05": 0.03946160525083542,
      "m06": -2.6267576913596713e-7,
      "m07": 0,
      "m08": -0.03946159407496452,
      "m09": 0.9992213249206543,
      "m10": 0.0000017506531548860949,
      "m11": 0,
      "m12": -0.0003157771716360003,
      "m13": -0.0006307763396762311,
      "m14": -0.0005645242636092007,
      "m15": 1
    }
  ],
  "_hash": 3093996510
}